Inlet_Velocity,Pressure_Drop,Geometry_Complexity,Turbulence_Intensity,Avg_Velocity,Vortex_Formation
4.0581311290499436,151.82311086124082,2.046822734943624,10.12327461371258,3.9464635979563325,0
9.531785910894204,348.045521058097,1.9879151962879993,11.970552818151447,9.280457850008876,0
7.453942447208348,530.1202097320245,4.625018322084147,3.831971692008235,6.7904518471674296,0
6.187255599871848,452.72368752525864,1.9981847993980244,9.410624084144283,6.474538970439654,0
1.982177084203147,493.60863132379734,2.087798904514524,8.619015148841855,2.7624749896030854,0
1.981947943193925,412.3308516908945,4.037593049671855,12.509172614145239,2.406494684563153,1
1.0517943155978948,430.75211048481884,2.79895936980216,13.600697201170782,1.7661020588301635,0
8.728673384861883,517.0576083609255,4.106842227820724,0.28113589501306346,7.970424379093452,0
6.210592611560483,187.31740487255226,1.261464630257541,10.14289679397601,6.19350527568447,0
7.226689489062432,319.18373000372725,2.9502847746935372,0.8723534068839623,6.799017350518952,0
0.6955526958101232,171.66519300078124,1.1344544007331305,8.277994109652603,0.9994294409765064,0
9.714143595538946,593.2174043981558,1.250612813821418,4.385727662750805,10.293146781541145,0
8.408205087604006,569.2326368276373,4.625749813377643,4.670971332879904,7.601957705518021,0
2.5172215514436234,71.68474625267825,1.5569814844703807,5.359081701440113,2.4646276765536035,0
2.2273371884674558,438.06634488362863,3.1296827291008684,9.35725749083919,2.7549269417031788,1
2.2423428436076214,558.8865745786162,2.644382410402826,5.077344488464661,3.063635394078421,0
3.3903013081156086,149.31643982003345,2.3893733050353707,11.017215853795177,3.283899415673779,0
5.48518610050626,362.3698768039462,4.59933338274909,6.127458045050658,4.948515876981665,0
4.603477677100099,553.5185636734229,1.087293587101958,1.1184626846183836,5.4602482166130475,0
3.2666768318813983,68.67028822218936,3.6551587447023564,11.778021653013198,2.8070062889173832,1
6.312602499862605,433.58114698576196,4.853577736854202,4.357799036431319,5.647829446086963,0
1.8251916761943974,213.54195405490293,3.2406727338473678,6.548226506029013,1.9565331393497853,0
3.2753741610845726,558.4179074570917,4.747289848132367,10.313113860006332,3.614752450811163,1
3.980437511290071,584.0820348409522,1.209031517144095,5.0535967415158085,4.907977860813361,0
4.832664850061842,569.3465690123886,2.6751732762966456,0.9431262765860627,5.32494719507744,0
7.9591716332336295,310.8178191616051,2.0406311638482046,5.671423600490923,7.768720587897182,0
2.3969009305044175,524.1234580441223,3.923283859922919,14.172283882145122,2.974961709868552,1
5.385227164929311,514.5021691942886,4.925188361988987,9.661842519748516,5.088068595349049,1
6.127938404189403,225.5052602837906,2.0261202497769912,10.105039315141383,5.958151920251272,0
0.9412789208399783,505.90351078287256,3.616698405896298,9.521004089200833,1.7828698437804364,1
6.271676093063665,70.35419909352095,1.7923905310389605,3.0649828704956086,5.850319849103169,0
2.1199791750292696,377.9484331651292,3.2613210182864396,6.333174575123974,2.5301794092669025,0
1.1179901333601554,176.50486050823667,2.855729946753345,11.289002995613442,1.3113659591760607,0
9.514412603906665,116.31178717750335,4.888021318526148,1.6104561735420715,7.421703596204189,0
9.673504314208314,92.32426089606503,3.4341090907858662,4.240006363736712,8.19715938074149,0
8.17977480710638,432.9588267329769,2.398025488347275,4.217154716141218,8.064927036753232,0
3.3938308071470216,236.93123007243636,1.4563831395517335,6.537082021158139,3.6205573689908856,0
1.4278850830606467,448.6217243408188,1.6049873149397382,14.707494240038557,2.2105416594670837,0
7.00021375186549,85.9459874394183,1.9012677198049404,1.105787945588947,6.506641704836503,0
4.681448690526213,223.40968580683568,2.003866645361192,7.828644816270866,4.659218117994119,0
1.6593632310253987,346.7202108064355,4.402464231364551,2.772533761981936,1.9875392890667283,0
5.2041806460570665,484.89774066142996,3.2448911531300997,14.563080526605187,5.329626140495853,1
0.8266909505945748,225.31387661263847,3.0935636454974658,1.7882222204392166,1.1494476502787958,0
9.13854381974843,394.240257040355,1.4590754874768699,6.113654935187709,9.260333069897731,0
2.9584098252001607,537.2877615299029,4.44055877339774,11.094486274035631,3.3761357130300342,1
6.793961701362829,388.7247535002675,3.891257212833935,10.597860977608935,6.249558584656083,1
3.4612552228494042,178.12771111449857,1.2706734476000063,6.398656689719591,3.5976043897263223,0
5.440646201189203,63.42042985609591,3.8313403889190747,5.263210102495502,4.525238684279628,0
5.693747653761156,528.5543806455114,3.1741528693705843,6.024424440437771,5.847215142419278,0
2.2561173274925066,61.69817596771293,1.326901382987113,4.0377163210637255,2.2298314193263824,0
9.711053963763307,531.0859199763097,2.833202566114626,3.159460786731317,9.397556653225335,0
7.863761821930588,340.9154237149666,2.938785148520188,7.29729149362746,7.390097346671038,0
9.425239944859797,566.487234182093,1.663098160653103,4.101152965407349,9.774459452423459,0
9.000859829062664,489.33077967551594,4.782792588001129,4.383178806969027,7.827059104609795,0
6.1800497987053085,598.8637607933356,4.399901485922648,9.8856653457709,6.018196805672007,1
9.25780523271961,242.89149849844057,3.6760893493164333,14.531206242328393,8.041962269014165,1
1.3406787694932352,471.9535589121198,2.849182244002429,9.09419428833469,2.093593980069917,0
2.3618371929818793,271.0620024850832,2.647062166338034,1.2469940592679976,2.591364704122428,0
0.9296592446501116,313.93159116714986,3.6038938686038167,1.226195846425598,1.3900027644001418,0
3.590638142251011,395.12800477010353,3.181727477627622,14.276205990598934,3.809672549820326,1
4.192434252050079,530.5224128024863,1.2490924235275425,4.5296327755792705,4.991642184636396,0
3.077815801852011,591.2459080596124,3.0500105950813268,1.471798092628884,3.7909390777033676,0
8.373006336943329,472.550377625485,4.225614468931358,9.025764348540685,7.549052255902215,1
3.889156603589098,279.7717301920336,2.8369595103878322,9.392366796524964,3.897031073276178,0
3.1688778420301174,281.7463512523886,1.2078263102170737,9.762721819768453,3.5409978429615006,0
5.65561279000336,455.67026587389034,4.145112797536132,4.084290215077365,5.394795674063543,0
1.8387801372602453,181.3274301725663,1.8054551285438976,0.32514919479567805,2.0354432461513197,0
8.120871317163378,110.76076222226706,2.034483339552155,14.478729004871632,7.516303971737119,0
1.2082311149578229,245.0421867024271,1.6588254137291836,3.838306380797427,1.5981032644051578,0
9.875425897704915,207.98144540974496,2.32086025948599,10.172791691982958,9.1454146129503,0
7.836325308318245,212.96946625079454,4.02700602275454,10.628785061192772,6.684417780176764,1
2.387798974574638,178.48426307745046,3.0775434380157494,9.189110514484337,2.3773397474543936,1
0.5524601126742228,73.15125429999904,1.8195250966028502,4.762320173783358,0.6485018692800815,0
8.246883570320925,59.83066410337759,4.511320312608163,4.13933418108458,6.506328230202515,0
7.2151447665523625,593.2473143548174,4.518327419806116,9.005257412270277,6.771620073432791,1
7.425568096389379,285.2752235547243,4.482313700184028,13.004824940814203,6.331932262994051,1
7.827068293516485,261.37965593782496,1.9551848455261571,14.206332560958595,7.584659339773049,0
1.2034241914738584,423.80600548118844,2.8049573767239524,1.6779964856159888,1.8822585242761023,0
3.90542442117059,170.0396383257853,4.9399586245635,2.406946327706026,3.280871945225032,0
1.6007560654887323,572.4786511726239,4.088049905239961,14.176570255867887,2.418514833742305,1
8.699482545818139,482.4897579285536,1.1086696849022393,11.07437490218841,9.18221943303101,0
6.4213322048618,99.17605127174272,1.2608183650419682,13.25660798996362,6.214877628809026,0
3.6435312361001673,279.6694266817106,2.855725507249331,3.1192262486166134,3.682623835094042,0
1.1038043277172245,533.5150691591906,4.636880823446241,8.855029479530087,1.9149240100341574,1
3.454332056298791,569.6026122602757,3.154807191810857,10.546979956820357,4.048649700113632,1
3.5892415592540967,307.0708311874283,2.991250032137161,10.233667093159893,3.666567275155611,0
7.431258694211609,387.37626406588925,1.4218947998265223,6.181460193913802,7.677687817670131,0
6.556795977874525,141.86867035064137,3.627120418897176,0.3293838862004963,5.651418889881229,0
8.928521054475102,595.1427443753371,4.2884126424009015,8.78559824638352,8.204347414828094,1
4.986041789038518,177.41943576089386,2.5216800300302493,3.8712129337761705,4.71222056014457,0
1.636145336413866,568.5024757743191,4.10244740370131,6.808788267529065,2.437540278590051,0
7.275825478618453,407.30565694580264,4.857906615603246,14.367957124748878,6.323172756182296,1
7.727457961860526,384.2552371833725,1.8150658365107564,6.045626232872277,7.794676188744967,0
5.832133376910214,331.97868105907975,3.093318524778965,12.613043939299958,5.59405842833947,1
7.824188209568329,176.86839644476728,2.148551832338302,2.909255025663842,7.337391306746475,0
5.191058165461712,147.09041760302955,4.171417676135357,10.11966142057293,4.402535411205082,1
5.465961879128944,171.26741498859644,3.31037346352463,14.657403621140258,4.903777951240853,1
4.561639674406221,152.54104417934,3.538329670201215,1.6182072030067582,4.059692512528974,0
0.7414817040689043,478.7714604617143,4.191656638463576,0.22396713918516098,1.5436227896343475,0
1.5249685564363924,242.56889254170156,2.5838818906498195,6.560383610225953,1.813089409680476,0
0.7985772640239754,81.813472109868,4.660360273628173,1.4801196974653714,0.7761213204097108,0
6.545898907005914,583.0064465774462,3.13211546898456,11.250926810175848,6.686786238908689,1
3.4863818202251036,536.0822367298841,1.631819291341392,13.726775091343528,4.274089038123609,0
5.331421566064677,560.2637557573671,3.78359647267521,6.5669124933605065,5.4433516859940685,0
9.121881502297883,597.1993024555394,4.173045401753018,3.9548034681160704,8.412978824283957,0
2.868276176914312,145.64238707071803,2.2670467082701067,6.572609453198486,2.83443514779159,0
4.398637768838483,267.9331103964623,4.428717027995011,10.879372485965014,3.960487890289559,1
7.677735816158963,467.0311616372502,4.624573019063066,0.23490700754752758,6.836485644288319,0
2.6735825721704134,432.8113399295857,2.1076179495112357,8.882864443321989,3.2574607210992457,0
1.2313091433735335,134.64274848692028,4.934085890860889,9.238046104821947,1.1968253867670062,1
3.252638802680796,498.70821874483977,1.5628461121950337,9.60155487874944,3.9958865448132563,0
2.0316022289130418,173.44231451016338,1.8080626736099599,3.7061289917150706,2.1948236500473453,0
9.332127697254444,173.0996881524427,1.7368993569521045,10.739385578334089,8.867878743741521,0
8.17714360586196,345.33593259137746,4.575958840031482,1.4617331463434686,6.996901842572168,0
6.517335686849023,376.1169641629367,3.6171702092998474,3.0691280133553325,6.090853990651044,0
8.778875606783318,369.04741431079617,1.6084171328890915,13.17430369515178,8.81096573873229,0
8.134884730541588,100.31776056876518,2.761293673473396,11.106974945825838,7.212379964635127,0
2.2724155594173405,532.6034744467092,3.461192100279208,0.30480875476904423,2.9443591691704163,0
8.97931048565479,196.08002342378833,1.3338563399575332,3.8008062795100233,8.772615021515476,0
5.623751298198682,121.2332067055423,4.529665473629355,3.294656596598152,4.592532107223325,0
8.170681474058593,538.8114439279375,4.214414141766141,4.1350142877508915,7.526572584307511,0
9.012867349273186,575.6083240263644,3.020827094306553,3.7886405771703076,8.80276830302215,0
3.521033012232707,524.1701894959979,4.868506461036682,1.0316418065684017,3.712264792745784,0
1.545493283012929,495.23384109868294,2.671043917100399,6.938213697292623,2.3295569435847345,0
2.665384044148446,410.38308935146193,4.936441276145992,11.017728774313861,2.8282746322356043,1
4.557523991949435,352.9715538350266,3.6716799952145083,9.140302698289803,4.426778616171943,1
8.271140276263685,97.84271795127557,3.538685093015766,10.12578786211139,7.003377672273406,1
8.676940540935263,274.6492671888843,1.66381958118314,1.3091227601899635,8.504395896474536,0
0.5660452400463116,254.9786843567727,4.527711033218576,14.277211581634129,0.94785814482693,1
5.352099374486874,192.8645810681794,2.7099587516824606,12.59352832426107,5.012630109634987,0
4.465404529913401,447.8810625287217,1.6489336231299174,12.095845745585374,4.993008871458301,0
2.6100241994719373,322.73165429332397,1.0504300799030362,12.362458695122335,3.1184051116385767,0
1.6387209896699866,94.57541874920636,3.2390227345535303,13.997386571178144,1.562479100111842,1
3.7073441283344657,171.10076107239624,3.1095984884907053,8.209384095094096,3.4731280655900707,1
9.457642187168933,425.79232001277774,3.8774144894766343,3.084202066227626,8.475666884553773,0
3.570427854197175,91.87197271966511,4.561032212071209,9.290075757002864,2.9399299769430254,1
5.428510906561978,518.1638027268227,1.317626338572118,11.16893425565229,6.107201064530019,0
7.17868010950419,322.3305898576859,3.9259859613614494,11.094969160974978,6.414171422668655,1
3.9544812226032926,314.3226175296564,1.7496477763903289,7.869590460086513,4.237178993767348,0
9.731929785849127,375.82428156273465,4.432708212628656,1.120034918070313,8.326638094651654,0
9.643249301950057,503.57453125883205,4.276254055446625,5.629582782608904,8.588549167710383,0
2.8919318103409593,241.29506434620617,3.1631750199421775,13.819422466104024,2.9171376159410376,1
5.223860805977662,422.90888390748495,3.840971194493246,8.808288755385648,5.066443629802508,1
3.3583439432593116,361.1525801976851,2.2574004527349936,8.12114595451013,3.701592746757012,0
3.205984696585942,196.86554859318173,2.8846715957312585,4.105917364294683,3.1373051442427773,0
0.8504259998680616,533.246492495337,4.286547590841886,5.589888906757025,1.7346494088125484,0
6.29086117280902,488.58431188381047,2.8370607886928556,13.440656728382223,6.3756520185523,0
5.2754507206741845,412.148509062134,2.431193061301767,10.030299408149853,5.458465779431328,0
0.9890481368748989,517.819951001833,2.9768497890011996,11.83206669860976,1.8774756520001614,0
3.1471414102478086,527.0118105278914,4.312997009748873,6.869746803708061,3.5224844567208087,0
9.128525916683211,439.59963719326913,2.340832189483491,9.490683569896753,8.939307825654431,0
2.775837961336238,510.3573306000196,1.6950463725429752,3.8009157702737926,3.5612939191797732,0
1.8765012848666194,433.609303918106,3.848056081323123,10.611366371223946,2.382675783660749,1
5.149801222636849,424.07742446816525,4.303912850832328,6.471259872179726,4.88974128850624,0
9.863679314050707,390.23625801835135,1.4025499140941333,6.693928170739709,9.952436701358714,0
2.799525079359254,463.99415175670265,1.959496451023779,9.774902636195536,3.453230409994833,0
6.885287700355846,137.23280791119055,1.5678879590439756,14.050581259887007,6.619985332181151,0
7.735386345622817,534.4789175594107,2.3917656463286665,1.0536945644684519,7.879282614614612,0
2.7575566679277967,529.5139402598776,2.8014039156216506,12.388674236470413,3.430333046093476,0
7.418055311812666,66.08600566900753,3.995305347853226,4.456508345141677,6.068357520252872,0
3.9939397608329057,504.1992128106195,3.6045903395266965,6.714399872145029,4.282512352526652,0
6.506905390639005,120.87842711039485,3.4837142699137247,0.42650859874763347,5.615252286742413,0
6.5185322522285,234.31536984252804,2.4094997864386176,4.585586559731264,6.201842888431665,0
5.589859498710205,458.92954096038426,4.365790212339039,7.589205515188944,5.287510886240002,1
1.357752815516879,138.41794282656952,2.8851486695926583,0.9370235524768413,1.4387227647038074,0
8.43537370809776,499.8818632654842,4.916419752060618,7.41732636780916,7.3615455389034965,0
3.5474106172314905,507.67379787675804,3.5365685531829474,13.913948369990567,3.9354751712785965,1
2.271925848798615,329.1072535684599,1.505058966258011,1.6703589498062978,2.7591712374651496,0
0.8873638447702572,53.512229444258466,3.704710248301736,11.490166848325014,0.830017007174134,1
6.113482960288297,207.87097324620203,2.300416061726796,6.20409869530229,5.826047187033687,0
6.936861437501683,389.3098051066582,3.7453087867443897,9.862088346412637,6.416446642999831,1
0.6575843748146335,589.6523979150829,1.278564592649623,3.9775253099799177,1.794850965728918,0
5.364884053843169,397.4974398591676,1.6995257487038375,2.4764347118662386,5.703991004145649,0
2.6517098643804107,192.89196958528788,4.422949035623145,2.490892952641274,2.451074924180301,0
6.629141508889774,398.70313670478623,1.9087182280940596,1.1503299900828554,6.793889620567703,0
2.1564810755474184,346.9919588437205,4.348164500971761,2.866135903028521,2.3816282702492253,0
7.063908511973427,478.91496733312897,2.1171043538176417,9.996868836335628,7.273986873356263,0
4.173985789855106,108.83935135482713,3.5715276402348306,13.23719011646827,3.646289211644014,1
9.398934892998978,468.56534637611543,3.776602294039324,12.230472715308311,8.5612636318299,1
1.8064489693869359,347.69661827186064,3.0506190125802117,10.308501217129812,2.2263028273672716,1
3.7401303349774557,579.645602122447,2.221242706786925,1.74543476482543,4.484034677772289,0
1.577998451785596,238.02969132127734,1.8505775054843845,4.408892949809652,1.9080474124999702,0
9.284589373646346,397.9420412236715,1.1327574182497049,4.716122442304788,9.554614081673675,0
8.83472385711932,562.6154580305096,2.2157856049628952,3.8243585013245562,8.981162075858975,0
2.9504454632939785,106.38035039487359,3.612651162125132,7.773584329674875,2.6302596524959343,1
6.7698484373247005,565.4756679800481,4.753219273793931,8.079751841707122,6.291871069637022,1
8.263610901911552,428.33714726544736,4.484817929052208,5.417601030049542,7.267245679862236,0
5.774407710194892,87.31038250784454,4.06425910614121,5.371458465172896,4.775594019274001,0
5.531680494382061,215.52996182074895,4.153789373013195,12.445478408800613,4.81386863540013,1
2.797596763554291,439.49464875490486,3.659939613903981,11.860463439963315,3.164634300131005,1
1.3844762941560425,87.04283080782443,2.041147430264012,4.68615789204311,1.4172659442677888,0
9.023549700556604,370.1937530969503,4.628780122823319,13.715447813711563,7.675535832188268,1
9.05397154305164,240.2356813241262,3.682929247623336,14.29694375333734,7.8671860755471785,1
6.514463844096046,391.5035347721124,3.24176252392176,4.968463876247608,6.241553675978578,0
3.7207830149626564,75.15811859688208,1.4439578768539243,5.3809317370165175,3.6024665550304396,0
3.8174909588202786,529.345243383807,2.7882221752257017,7.633948885987186,4.343980798332576,0
7.396578949267274,585.4189330475683,2.841433084807705,14.122700106751735,7.5165726083203985,0
9.022547469549483,582.8828204071303,4.45825443809068,13.157159553820442,8.177072495413602,1
8.927321030518614,462.3085074586086,3.186592880751154,1.6282626424954882,8.429551163434297,0
7.908817685647427,121.54743207184758,2.5216021958816386,5.951688074744101,7.154767947643318,0
6.599300638465734,467.0447577609624,4.907201314042638,8.3452307272716,5.914185315745586,1
1.299329667452964,63.52280405234083,1.4428823733052627,7.596673841017946,1.332636281843622,0
2.0354727838988307,62.167953340948486,2.6901937132477785,2.988559712259701,1.8860178862441481,0
9.036264791007254,227.98562053224768,1.1680987006856212,12.896369890405504,8.964473574000408,0
6.261076066766105,318.75375472256616,3.9596164830677214,10.186417666652876,5.659010576425843,1
0.5873719903579817,473.72407979428624,4.672306208796602,12.584834785291873,1.3976010600754134,1
1.463979657227305,425.8124571335779,2.1201493182019577,12.895587762307136,2.1604117978878605,0
6.80326680652653,295.24648850721155,4.433366707196484,11.250502219619522,5.88569095552947,1
0.5480850465390775,200.49466645491623,2.168872921847591,6.6442379586207885,0.8896380386335009,0
2.0276764884662373,598.4184750867412,4.643080646575661,9.197146649729826,2.7537801655840157,1
5.712970998982568,284.3997162297851,4.015847614387136,2.489444551184173,5.134649383575786,0
7.073004378080586,298.2628633813215,4.2196271073657545,10.137316720376125,6.177258054629953,1
6.693631965274705,139.99310165541806,1.072026222401818,2.7708735105152833,6.614830719091466,0
2.630558439875318,487.14525181246114,4.851241428296104,10.439848898601337,2.9667752393463847,1
7.265702602801591,431.52522417981874,3.906683968281293,3.5210125952341333,6.709512857327997,0
2.7538663312196006,171.4232870338182,2.2190043815445333,1.8515143722382776,2.7911708325290236,0
3.591297132513043,95.30957508871347,4.317578659435387,2.562738903130066,3.006630889738979,0
7.591668348621229,424.2746161410922,2.12608479365972,0.129682814764147,7.633191049177844,0
6.671512540948539,409.9811678546244,4.491015358264512,10.8092203060176,5.993381612445079,1
8.56762239969469,200.29273984901513,1.450321561647748,11.012775630969848,8.34691750447605,0
6.747322476853262,572.9749592377257,3.814743909843183,7.7725069137075655,6.606307029012513,1
5.8989317316869805,133.08184047949513,3.1627939065796413,2.504305735725217,5.232240145830527,0
1.3899102943668784,287.78414057343105,1.3861378807817633,1.3449596289092773,1.8691482100182173,0
3.9933001290646186,568.9887560921794,1.967575313035356,0.3850215999155765,4.738421703674555,0
3.0194224929763918,280.85002430936726,1.0496161451092592,2.5696478367817885,3.4226608117184227,0
2.817901612101294,401.18927121524706,2.8750718618580233,13.373747471248887,3.215196672809949,0
9.743600270148233,268.67691887953686,2.2050610430400015,3.6988989413550586,9.206692439174413,0
4.234428384334224,200.81836129176853,3.3934299371910353,5.378642775536513,3.9176033046032,0
8.974442274182577,591.1877063779056,2.1889512308344687,1.6696477187718646,9.174586863832145,0
6.4958169469739975,275.13370347327367,2.1996764460279388,3.4131834407477375,6.331649577122154,0
8.05070738364566,541.7545620235239,3.9727727949264136,7.836446104625056,7.5350349440096736,1
5.275052384499325,176.4750332400974,1.1925713439134138,9.155514978125224,5.313458635409719,0
5.980586903950411,167.20758721379582,4.611579980767949,3.755749481076545,4.936004336402968,0
5.178918091279207,67.12374558648125,4.409055497564726,0.9602091724542464,4.171458718362569,0
2.354808384081423,408.4167539567368,3.671218732905626,5.92638974999824,2.7393910593927493,0
7.3632950949843,252.68948904806862,3.372886280429537,3.5896302268023788,6.626896222849105,0
3.16733744318813,525.3970374118004,4.5692099925586085,3.3713534561240492,3.4945200232507188,0
0.7310016810988115,310.2654486803564,1.7413207181148578,14.401955760430484,1.2878871598458168,0
6.631986811118094,582.5063853530969,1.3158766487633144,9.282877240293288,7.360655752841459,0
2.182551454366965,152.03903363671662,1.9580406796381524,8.39748880326423,2.2729532949877016,0
9.434356551352685,527.742742375586,4.178313114800761,6.295049042497497,8.518857250692689,0
9.562321481524581,477.12826903545795,1.1386810669059333,6.491270568109149,9.9721562982615,0
9.191211707094261,474.0070145542286,3.3312273403339585,8.159484557187405,8.608324949729221,1
4.016507652426721,514.6307754642883,4.98175006476524,10.476804124837997,4.045307340474952,1
0.6468378570242406,468.56319501864937,4.422784375350158,10.56197683310926,1.4409230286899497,1
9.31902634458339,394.4211768972785,3.085782756174358,2.6582392248111986,8.670044158455447,0
4.567749409014486,122.18468272531317,1.2545636371465694,7.5516800059417415,4.525592158857747,0
9.68322078091486,67.88939872018855,4.325494057542839,6.238175616008119,7.7247638810691095,0
9.654389782347902,556.4663162986278,3.395914032708842,13.070851797413825,9.128048527989352,1
8.60358982693992,389.15767298640594,1.4597319882382673,9.508141926153808,8.753958408709456,0
3.297264474661064,488.095510036897,1.3754291392934248,8.03431058959813,4.046697812814565,0
4.158428421718289,314.8372933319025,4.63850727774637,1.819380168465869,3.823657983475713,0
8.585798379410141,114.51950392931697,3.6768010517523138,9.12400455091883,7.236423761691349,1
3.510759048984638,118.85218571140274,4.317147197267023,1.8463381946354782,2.99064024097725,0
2.1101810935178786,427.06090797593424,4.51591560112907,5.124377975929706,2.4878329233984977,0
5.789611993354327,286.6682421947045,3.287089408193289,2.228345275733545,5.411399864698543,0
9.39347035452742,160.2885996851852,3.069785407020165,10.411897340663097,8.27225064311755,1
7.112283068412244,320.3770007077903,2.7217096412839608,3.173156496158674,6.785158599885911,0
5.915581115848967,85.31491539132375,2.267786351164477,5.938704660501587,5.415447240945184,0
1.4231766908223011,370.08427105291935,2.738383843434847,13.445554186519802,1.9684850301030967,0
6.342568653642113,197.94637243930373,4.0955186229206255,3.1443141126446577,5.439655996613527,0
9.9055115759905,488.6575053504535,3.4076937240605263,7.666295452985809,9.195079105135822,1
1.8307981447469783,220.69907740796558,4.570093159819384,6.347147751373727,1.8538503956470003,0
5.424131697455499,300.3710819949906,2.773520057516751,0.370048211581373,5.272676958570219,0
8.835044183315576,56.39129694945535,3.428358314875016,11.91209589223491,7.433341917806582,1
7.537301868664942,89.84578828700738,3.525230212367955,1.128784004087536,6.388457231881201,0
7.121649539455046,265.8714560236766,3.366788649225302,7.166399812556609,6.454538009842507,0
7.173598797877538,313.96635909441795,3.8105350923420653,8.454106594590353,6.434769018181614,1
3.915165936587674,380.01130146561707,1.9497338734992251,9.463554203557347,4.293511957172143,0
3.289122520512687,210.41441829011677,3.0494551101831626,10.360611276687345,3.2084497831831236,1
8.18893097704588,432.2400373695984,1.4168992112333907,3.873758514488455,8.473266559674027,0
8.196077249452216,523.0673184540625,2.53804531057925,0.24868377221089566,8.202111114954468,0
8.737187026510986,478.9180438913424,2.9506682744850576,10.879310569088188,8.405996085925251,0
9.175785249286477,71.79035394159644,3.60889703818189,8.081283330278922,7.663642746712518,1
5.357752789178909,314.2788209918059,4.8021242103448145,12.558153777788007,4.699880712064597,1
5.264404799528396,107.71159812999618,3.4026042661934235,12.338686607220344,4.584193684296166,1
8.083804200184364,183.12475872439012,3.974375664706239,12.66555990003946,6.843649983060003,1
6.674657342388769,592.6644262969305,3.025064237980811,7.327910433695148,6.850422833620813,0
7.168685333948182,128.37254859583226,3.5364161255053252,5.071063097969298,6.157857710457453,0
8.06003035964296,324.38848439824585,1.2837288645350937,11.894217218611413,8.19146264735431,0
8.95505074726688,389.9856538749655,2.017566323367388,6.824282284135898,8.831651614430228,0
3.7109539900895903,436.35573379925717,2.447412372820555,2.8332887264111744,4.129553722172451,0
4.068038050079468,357.8067759178028,2.8899734200260543,12.839112891465968,4.19582551009586,0
1.3928284284882555,55.373966080551014,1.182594982009535,13.250142163907974,1.4212187651328356,0
5.993661339463653,229.55371953419555,1.5600963902132707,7.048015366488535,5.98523430753914,0
0.8414516010690498,334.74140386159127,2.107257231165223,1.2279259369158333,1.4222766602408168,0
4.923181172258372,98.32657452965834,4.886130763604203,5.878608739762275,3.917068972289257,0
5.655124029721978,242.8448121650494,2.325388028412203,12.07271112599279,5.483295768156993,0
3.222141895218702,68.26170983525161,2.92816423244833,13.536433025338807,2.886917282416571,0
6.112915975405603,93.2181734352614,1.7843908509535717,3.131743863214178,5.753960755318041,0
0.7897523744209696,268.30780191087786,3.443120284303073,1.0979068191765458,1.1904073572454577,0
0.854807793117537,122.9936647236832,2.122732862063897,13.172521751679296,1.0100686929049576,0
8.314705326266754,362.147466543857,1.827970313753707,5.902133590785241,8.279048534153196,0
3.9218110934069976,429.20573302549616,3.0662905137839163,8.172238367586692,4.17895195182967,1
1.7070748701929055,490.32268450999555,1.0220231966416833,14.524180599556308,2.6004867334258344,0
5.461310970520642,160.08263433464555,1.0306561305969013,1.0918144459219206,5.500039557546772,0
7.8149387544368025,142.11542024248837,1.876275236407431,9.759938311036224,7.366020791972254,0
2.55029976122001,107.51231218392013,1.1468854500032846,1.2041707963655195,2.619079301123346,0
6.417459520280502,400.0366372490002,1.4321030165227655,5.694487034150855,6.758009637908181,0
1.310800917440796,438.56164956779566,2.3554425973550064,12.076836723382357,2.033548400696784,0
0.9909763511017731,67.37237965410313,4.210342718319252,6.5587362680589525,0.9171036072155828,0
5.547868999897406,564.9167354340294,3.2881945734772033,14.958017073153961,5.765578833774212,1
5.6360336552960115,78.58420600830982,3.0506709038256656,8.429983345704372,4.933517873052944,1
6.555584064232963,347.7129844155888,2.1739552928324866,4.885316074275707,6.5384326993617625,0
7.397867670365285,439.983285698004,4.727014877731266,3.379658755980822,6.529342714696101,0
9.770594754894079,529.0330180603471,2.5880601649487667,5.322755960863811,9.564316437364837,0
5.404853308861355,442.74781267283527,1.348371067183086,5.650745779017307,5.925961543005155,0
3.5680864929418368,490.9504456883855,3.468266064471205,1.1238337980870186,3.931233719390195,0
8.054268850302684,236.69760589854334,1.4553535739064056,5.60665557145892,7.941573614275217,0
3.072906386989705,498.15381256058174,2.3808925712067683,7.017153944114451,3.7034010126709878,0
4.670228496703543,94.06316551157133,3.0296477548712355,10.868792508358188,4.150897463738008,1
1.2453356227515266,542.1491608332901,4.496890098740703,9.88526932235196,2.0496270728400856,1
0.7408320624468463,351.17580688455496,2.9741863213604747,10.660608262914398,1.3330150468882223,0
9.645159939440289,499.51377347937154,3.809035064126657,0.22461885996517078,8.807249865977141,0
8.441811144865955,298.7750564850651,4.9712673559962814,3.343244253749987,6.941036249338199,0
7.111754957890131,403.9677323580887,1.5259564795919265,9.959095897157862,7.377078994643185,0
4.385052971935564,339.52146351486226,2.098926102078078,7.3114415858782325,4.603900791875758,0
2.146296040673035,452.37423696543254,2.5783043023905856,0.1791707874583546,2.774354298810342,0
1.9861519053753174,94.89649011682427,2.6873127141553255,12.086970172234153,1.90907432223102,0
2.8773075325636555,83.19364619481009,2.644084301062183,11.614862642026027,2.6633026411442993,0
5.717653314708144,185.90677870558054,4.63044401022622,8.271445528604083,4.765703194937284,1
7.2886612656505925,137.7495740622536,3.8561305778674257,1.0903035540664547,6.158858934865442,0
6.771875078818447,529.480961625711,3.431620856362815,11.521074238035512,6.668911614212021,1
3.159372020986457,170.56769304692438,2.2374908714511283,8.797332457197323,3.1470541042565405,0
9.571220166300344,586.7258907005222,4.295161536885178,11.751203659653592,8.68917511173374,1
7.510020708609801,235.29268547410877,4.820242045939956,11.301030186698021,6.1706002002819815,1
5.766363498858307,150.1648536287846,4.284793130200907,12.064730872171774,4.83130947080841,1
6.311347089226346,484.33417892836354,1.0062604207658916,7.81832018942891,6.962472508202849,0
4.486200593064004,412.28927652548185,3.545605480733628,2.1908353210833735,4.515464275593058,0
2.853444400260996,324.0076440492264,1.204541525768403,10.100246353357361,3.329605074780164,0
3.881740447186985,355.4499530156972,2.0304288813348874,9.345059397274362,4.198560457527667,0
7.699538049411506,445.56097804974513,1.2380988013910867,11.159572489266399,8.114020563998924,0
0.6367381419826807,175.65010773221428,3.415181811797551,2.631226990155956,0.8793095313782584,0
1.6026900848157042,597.983653831208,3.746359653970427,3.0051304785143094,2.4984447188995205,0
0.9370250992066511,586.1362391807307,1.4579505522636205,13.367101806567995,2.040990764524452,0
0.8869236220302164,407.6791274908153,2.535355532179918,11.274669196935855,1.589848541425079,0
8.626875548104568,159.7483480110298,2.824946035822168,13.63260448163481,7.727849350069167,0
7.184749664110225,424.12553333721024,2.4762120870436664,11.404858285342419,7.143452532752011,0
5.00465137632959,89.70912493854672,1.4841000019407722,8.997614059255497,4.812699470340502,0
1.429424526184514,66.85887621319334,2.6757911607499016,9.846577781715318,1.3719002030047187,0
5.1703508136099074,191.72558868116752,4.004712191233672,13.348006066706148,4.518513644161315,1
4.997981822415374,304.44262620662397,1.2840306581330219,8.724220642227914,5.285988980389977,0
2.145417764145144,527.5498779746092,1.3207200563276138,9.522630732492972,3.058842706578961,0
4.621590667760744,449.9429883714694,2.419085167343937,2.4315030684536487,4.962475572807924,0
4.285794976775048,458.48858665998955,4.7669028464757,7.16142617972993,4.181273736385015,0
6.350575931496056,284.0213339464415,3.674290586891656,10.774316968175674,5.751925531067107,1
6.533389683242616,240.2642459008296,3.714679826690259,4.137046204913845,5.800445632231895,0
0.9303880928344229,254.0713196415315,2.44767996335146,3.1135872898155705,1.3246661174689063,0
4.058819838951477,593.2072600548319,3.3746431648341537,4.776019442543792,4.5603809277205976,0
6.445669199285246,72.06005527686537,1.0405247361109735,3.6983593570932185,6.254445397706731,0
5.2797944565108335,526.8673228673467,3.544384185638169,3.3021982918422985,5.397848103491674,0
8.636653491289062,368.27147471481635,4.653147790304947,6.430277558734495,7.363815185287634,0
6.757589500379978,291.23848055427476,3.4502938733792767,13.626793856864658,6.174282978889869,1
2.047877057273582,448.8917132283251,4.49479437386538,7.6551887364069024,2.485421169960168,1
1.1704031003040836,317.6679177835866,3.8958922218643752,2.900013674148313,1.5777507191252251,0
6.6029831429599986,530.3827809449133,1.482233665614761,1.246877873775024,7.174390509450722,0
0.7518574501454072,545.3860252061922,4.609813229143366,10.472726562555087,1.669333379552277,1
6.064868022097901,281.94650978040045,1.2657753774230995,5.803701590102178,6.244923011174089,0
9.432187293537098,202.25528847927836,3.135869890191055,12.345281104121852,8.357792263873371,1
5.96700468982085,375.7926807263492,1.5685484951738307,9.926710452747475,6.250613239927865,0
4.187614298961958,551.79984008918,1.0468264429236163,11.963997613066391,5.072028710094397,0
6.611238075202355,165.8642039531166,2.688137040510556,4.151995987334886,6.05437078542933,0
4.853402459669408,392.63162095991555,2.180162830616625,10.416147944669765,5.109605319359512,0
5.683359498501382,397.3581210508863,2.944001975190412,4.034523571936409,5.641484661137892,0
9.44391568337699,453.21216232840453,3.308799546938203,14.092120343809345,8.787938811309779,1
4.167975059107356,122.3622268199929,1.1749562892357894,9.581976794847279,4.167840087293537,0
9.631310356327186,443.7037305751487,1.4920131804949825,4.935225822612597,9.800215717623585,0
9.100831098582606,549.9678863661026,3.2345695858017014,4.115726748154862,8.728903297465132,0
2.3600157804983164,148.82570987863306,2.372669412690633,2.9448061175674884,2.377690337462804,0
1.1589323583140718,180.6488287081327,3.916693950197792,10.450150287516545,1.293270847905478,1
1.4573910130855532,584.2673017229017,3.6091665943677587,3.358862633669117,2.3629272685633484,0
0.6731073436897224,149.53732399021936,4.382417451959627,8.970018662319587,0.8246901231687598,1
1.3972081271813197,519.9118013532685,3.769971306676901,4.043061901187825,2.1736600024413892,0
6.98856434745539,320.7528210464191,2.7197243095605925,9.963337277428641,6.679721572313084,0
1.1762921603721754,185.97709092174736,3.6918664895777296,12.242601955254035,1.3311106617741189,1
3.530268487790732,528.9124456998813,2.101524697021674,11.692576122855332,4.217146058480016,0
8.526315454209819,294.917890251466,2.2252539951128507,11.436684830868648,8.16749035830911,0
0.7210833894903457,333.1495446613296,4.155940639683173,2.897063844814556,1.237543490663834,0
8.237450584594889,247.57835316987112,2.7856780656063287,1.416935710069329,7.58526302043353,0
3.1776203603472992,376.12296828921006,4.19352136207341,10.514337544462045,3.263595353841929,1
1.6225658624057344,139.93812992176254,4.289689494673114,5.5883734855358345,1.5544269355304046,0
7.119003070959431,265.0948451584684,4.430249350645135,6.541958773409875,6.072244824658432,0
6.474957044408898,583.1767772844081,4.666540943364829,0.5641214826215268,6.130527991264582,0
8.835984128507002,191.97338798562015,2.723940882053185,3.9676890941982332,8.016495984437578,0
7.483174916136915,411.2051654977107,2.2754672732845553,0.6017784177295139,7.454199266035665,0
8.133068838656062,228.85453532358218,3.3287949863764554,13.19986801175859,7.237111970604582,1
3.1793284394274117,475.41021912763034,2.4846896937505103,3.7266105799561045,3.7351666473580134,0
2.185675665907367,121.9805133950924,3.404296667200932,8.40432382663782,2.05760227344602,1
7.6308401405881545,583.4015747931996,3.8223434505752985,0.6807918778508432,7.339258698486343,0
8.164930023039009,299.5842477610016,3.7536200739685475,10.036026130454305,7.231696256709628,1
9.909798849006396,179.82775484055517,2.4982115480804854,4.913107451735998,9.031615662500382,0
4.419867930658551,90.42321103150695,1.6674408067950113,13.478995885669221,4.23222094531033,0
4.03417181503144,143.3668477981474,2.72211735384883,13.332961015117133,3.7718310553224894,0
7.87592312704897,335.87567170580974,1.570376576327635,4.946830213590042,7.9292662106768494,0
3.7376336324036696,235.35174703720747,4.560388140735233,13.52431734578797,3.3560841218967425,1
9.342194593233865,505.8858512354352,2.3835098429514296,14.942749335131804,9.240605657317708,0
8.654921142508613,286.9881380139933,1.6178389888932951,12.398693395446827,8.528783975029233,0
4.575443260062674,186.79284992319646,1.1017910396230035,12.688583081552911,4.696969840597041,0
7.633275144019225,389.4297426322165,3.583289545145937,3.81023016802544,7.044522878344336,0
7.668157303804482,438.7274692869952,3.547609269818973,8.692865742980569,7.185430945708131,1
1.4796767539413598,141.87304934552242,2.3624166663251667,1.102113118113781,1.5886422014181552,0
9.074252613455883,142.19056895857472,1.286847555390604,1.5142772586428788,8.774774761741908,0
5.299897538254643,70.16928481344863,2.638515579580928,14.98349991929603,4.741042996638166,0
8.351345928023544,455.0211082861023,2.2448699802535743,4.966924816446073,8.3240038561691,0
3.5404712097908115,415.0924901919928,3.7084825589400374,11.247940289527811,3.714167403577869,1
9.007470670713904,311.0469816623976,3.4231169978107614,12.119309290099565,8.087883336028565,1
4.19741594797455,514.2937469330584,2.45837491279016,12.884546738007716,4.710062338588369,0
0.6029576890628344,493.1185841225292,1.8715702170199604,14.964661631292133,1.5327709746592337,0
9.101128775983005,371.9449004182137,4.952143864622368,3.698297630327331,7.5915136253633175,0
1.3672234294682688,527.5492042822923,2.8160064847844595,0.7012273202095256,2.229816335856259,0
3.533479557108941,163.21266552022254,3.753096943120948,6.226753618119331,3.1968303219310896,0
9.525588686982648,111.55579066875033,1.562211870313443,2.0382019804513094,9.004650882393761,0
9.530767895906783,198.36228633434428,2.942358798637591,0.4341457485146214,8.52534552976077,0
5.947659937171218,81.39777084912316,1.110146879477862,5.4703597244081426,5.780316672897158,0
6.502453515613093,342.1432404005676,3.0218204716418,11.777699941021023,6.204277638945285,1
4.760232458794038,565.1331307622288,4.856069628470809,8.536092299253555,4.734697706937963,1
3.285502331131613,71.6389473676803,2.536826851943201,4.760392039234275,3.012042699080141,0
3.6223131810142015,117.16045270551474,1.1559840502996463,9.849695881841523,3.6472672733031017,0
6.888925332731865,298.70946555588944,1.1238231636773741,3.55707088660128,7.099247570755248,0
7.64755802965796,563.6312596403477,2.551947039787478,0.31428354647406687,7.799012395169226,0
8.02000091539556,223.88585773721277,1.6400997458527762,11.488865457902767,7.810092557716021,0
8.001372356548263,328.9791447786158,1.0934083853127436,9.393771964473736,8.22189226467252,0
1.3664579789625586,72.86507247771566,4.024854455800707,11.458309105064304,1.237198399653396,1
5.196992894674524,131.58876052914889,2.8340920355275627,0.6801764486462176,4.7237326071583015,0
1.0468082201581206,592.6465676273658,2.156979087890618,12.573082454676717,2.119204183417199,0
5.720524382075488,580.8152830398251,4.600332732065922,9.33094038054092,5.566339170182986,1
4.694539763047081,52.71698951392529,1.4645558408021024,8.494590725618338,4.456202960582516,0
8.933189736203849,573.4964819827815,4.823675315821276,9.40674931690652,7.925642359065687,1
3.8336926192447476,401.5159657985252,2.2558668695094113,12.980055378338625,4.204309542459949,0
1.6121366560622556,527.3550619860122,4.553614689234725,8.845353947727714,2.2997943221293387,1
1.8584209795019406,300.10692059862254,3.411771505917846,8.756160660333872,2.141609433505953,1
7.734351001315987,333.57781571858766,4.30682943896595,14.86111944027991,6.735980103564988,1
6.37307160150448,318.8656191413061,4.936052652841857,11.375279489321663,5.437911990519227,1
1.4606654231665073,416.7753416503574,2.153621751274983,6.6901777012219155,2.1369300651338885,0
1.2990146580924757,126.8081901159721,4.844541941630371,10.640215300490622,1.2379744886283381,1
7.1592067488616395,66.48547442997287,2.5579275796096814,5.899534028207648,6.376541078169537,0
1.1912485604598384,219.361467875155,2.5420476189476893,3.510244391004135,1.4785609678755587,0
8.307670563258384,437.5744195051557,2.3615484170180228,8.993092965627616,8.201871088880193,0
7.209301157986714,161.0193986676216,3.165630429390341,13.929913261897877,6.39024079930387,1
1.2728134160980478,420.3878383287045,1.6165801727139484,13.944178848230395,2.010708846154036,0
1.305958283809323,583.4516253589987,3.2148459414320447,5.194388643771806,2.2629388001081225,0
9.873075995761166,101.6453936841801,3.166819249640016,7.962394246703255,8.513054427302764,1
4.055572559683143,419.93116502381946,4.04760725041948,3.253374888690932,4.074666644871993,0
4.021100397135464,294.06262061751414,4.334599847750342,14.934903531533363,3.737732579909881,1
8.221595888946275,527.478239907628,2.761765401249696,14.718656827232243,8.141246415304103,0
9.498861485146657,147.43238419606223,2.209332997405975,9.777683052640965,8.74441884769262,0
9.867010106317274,430.9442737243905,2.037339589268378,12.085769489194353,9.723776137900487,0
7.657092759959945,510.9634093064606,1.7784953468194877,10.75499240312713,7.9981143863851685,0
4.074466062543699,569.5378207107128,1.2305903287960995,8.938057463688075,4.962841777386415,0
1.2932568086373533,425.7864155593052,2.3697919153388534,0.8948851551345757,1.9915921632776774,0
7.882895701310649,323.446120204635,2.080990768523133,6.87598870403465,7.709576282537013,0
5.804840372490148,389.8159821106676,4.865669543465629,10.154315902294417,5.172250586456233,1
4.530109087846275,527.897741463295,3.2308353050001757,10.195221046866902,4.85410275194707,1
9.110366658399991,363.8353606513563,2.38910815612203,5.6595270144935155,8.749754815260424,0
1.5563760819084378,66.71288283326027,3.321870403974784,14.131210601204655,1.4312978653776647,1
5.179938490763162,562.0217825288378,1.556786805382782,2.593619780328037,5.900779061065113,0
0.6078596252904811,429.23971306735865,2.7761749968088116,7.555355748611853,1.381962816760148,0
4.9522760989442,422.0823621774856,3.5049372856842553,10.39417125060726,4.928569965889546,1
1.034881118977455,168.62133381874446,2.9555913271698055,10.487323507787957,1.2191895036198663,0
1.6287702045466832,412.38700862796145,2.607115202617297,9.764720455855352,2.241224643710419,0
1.6164993443824964,266.62542310978716,4.975393555598792,4.201794380432716,1.7476141695685534,0
6.667497870102604,408.17813737282063,4.521259048595708,2.4274778734306675,5.976579891013545,0
7.587426353021521,108.6261666693949,3.4936238326377604,9.575510869717991,6.479298009595321,1
6.0420032684230165,411.81491753166983,3.277509444729131,9.029601530477622,5.8754969646193205,1
9.640639210508148,599.6775491738666,3.482641919298336,2.772404553309691,9.161249596688537,0
4.061270505475189,76.51662137330581,1.805248431289733,10.606573269001395,3.847723637769183,0
3.214264819677677,587.4458013217245,2.5805509730572744,6.88206267683148,3.9744277119169764,0
8.751691717799872,273.79937839757883,1.1578381315635973,10.049632814886978,8.792638355267128,0
2.6241604659348,528.9143976854925,2.9021841499473067,12.576769488575245,3.3011994157480693,0
9.650614124685807,480.3120162320504,3.1720983358306527,2.6289535857961552,9.080603306916926,0
0.6154675095532552,361.8589435426673,1.9109989444128384,0.3852585331528665,1.2803775085847564,0
9.71384885372257,456.14706508822957,4.8561153886620545,11.708628537297223,8.267564438814059,1
0.9100191635304731,533.1835587157414,4.637818443748968,9.184491634773977,1.7653610979226242,1
8.965859580131676,272.2771769080681,3.8885729418236235,10.524629587369613,7.767193985773305,1
5.513160536319849,229.8682388597813,3.1335465150614503,12.588509127330774,5.109109764761444,1
9.933165563133354,417.1763620599716,4.47987663859074,12.061882928885057,8.54255046957654,1
1.2010673649862893,494.3152680676922,1.5226093752938517,14.417710189239488,2.098260079607293,0
5.761615701812548,469.25682412713866,4.16203917709954,8.085432674896563,5.50112583635004,1
9.70837408838144,488.79750687224896,1.4992832558673932,7.378584926632589,9.95818896650558,0
5.469429519616414,289.5708231471132,4.176842650197622,6.088119278371878,4.906323841421454,0
6.479287062284994,499.80881889626187,2.103070273005428,2.389996538378648,6.797584899529506,0
7.109612545353863,116.11498045383465,4.508362324072756,8.631847769942134,5.739207039350114,1
4.818140115293845,349.4690038784673,4.776168375301591,4.227486612457084,4.366465700728859,0
6.461801760798602,53.16726327396687,1.5951838776204625,13.827481931973335,6.052748187886263,0
6.0509859632694525,228.52220644514867,2.850702420261574,8.789542983728754,5.645552359636698,0
9.061001099664395,251.55384417926882,4.92394951265074,8.933318689570841,7.333313190581917,1
0.9317406132438497,267.89498038509043,2.9336297438925865,5.388377447067449,1.3308614751837868,0
3.169150301126188,432.5069636794242,4.45419009005818,0.8746413444678416,3.328364335225978,0
9.528909098727308,263.7069556986902,3.3549260885252794,0.5729821040575305,8.45788372359938,0
8.957505946963705,296.7814924423918,2.5013196316784074,6.407693647882643,8.430789658047669,0
4.828739151464273,180.64927198088012,2.143134222103481,1.3600241336488441,4.672605889170333,0
6.391259679114599,255.28848539613705,1.812892364344349,9.142019637548072,6.322503356366435,0
3.1351212383207603,174.99829499473333,4.047192765510789,13.226497784030895,2.8506958285736763,1
2.2871510173757326,90.25775807264401,2.5461620272921115,13.25543076612896,2.17649367996479,0
4.905134846929831,381.89672635975785,3.0451018488030046,9.919776610970262,4.922096540098643,1
3.856846166247502,417.5170392052589,2.9693019200047277,3.247354288946672,4.119273208327941,0
6.044733062583285,390.719690305288,3.309116116932525,12.958652787247194,5.826036263196398,1
1.238479051167356,304.9217240903148,4.462308582498209,13.302792186166801,1.571998714384569,1
9.756750672828582,258.8821790985764,4.922957374333718,3.030138415799085,7.872911647308888,0
9.869002072556228,524.8335072645039,2.6303368342952678,11.087648677983092,9.620729103626186,0
7.132536283187579,335.49498182491993,4.310075688425212,4.369141279014132,6.266437685288543,0
5.592915480269144,313.55003269635205,4.058111178618871,12.059340654058651,5.085181904084311,1
3.4405123547201137,64.10313619353963,3.294115805822293,14.95884470856368,3.0020463207166728,1
8.231052687216012,237.686305194386,4.824188574447732,0.547387479407953,6.721017781137545,0
7.004946139261853,259.1075903322214,1.8018980621136111,13.470751400284886,6.892051376248988,0
2.044860923776467,269.35252949329526,1.4370568412384856,9.377194950620005,2.4366369137683463,0
9.153808252691503,369.09480307503276,4.415847867821689,14.603401025555835,7.87090662608675,1
8.314103807770106,343.48140069978314,2.756599266534993,7.028641811143771,7.855133986249929,0
9.523099176273279,384.34780103639457,4.387875416828242,12.72608016551347,8.202486139966728,1
7.39433532968942,470.68579384817053,4.572360820781659,1.0296716221143307,6.645228459526084,0
6.327444361390004,497.14215629385143,1.2498303744762858,5.095657846166606,6.92631706619401,0
4.473308844760879,444.9676919245719,4.533859051944242,1.0985464124930286,4.349176638711955,0
9.360920591863126,575.5380327752141,2.7932762214776887,14.632612688838151,9.204614812393949,0
8.727606950253879,60.0279204719989,3.041729956016929,12.272911218350368,7.520311615951438,1
0.9295773660087994,157.67789212595034,3.506370044372841,12.802956576564961,1.0819610387556868,1
0.750486257723894,54.159581237978166,4.7055304269203475,14.075681948365023,0.6822336241645818,1
4.076401985341471,406.11109278503164,1.0764643777190561,1.3680419431848019,4.669219094587368,0
8.200256642427412,543.9168019224928,2.9073738732712684,5.845404128448667,8.096029650456767,0
9.879123228491972,183.9152631169646,3.7508881697222427,1.1584198467556317,8.394179432476962,0
1.9289604654835177,559.8689996379687,3.890827830792914,3.2408172130954265,2.673435811579329,0
6.144241795845284,83.14706465925846,3.770129726148432,3.5175500778613182,5.152306493205804,0
4.118463137994704,563.9398147430329,1.5377405176324874,7.089697444608922,4.929686385597255,0
9.71418677923873,243.39247798179892,2.197582353486725,4.1015762950592745,9.133585462975875,0
8.500129769789233,105.78145564706908,2.434862101668054,1.6045737915846403,7.676860489297361,0
8.46412269475581,317.2294675524791,4.21774883071802,2.595617227502205,7.31360444991776,0
4.9525850180522175,191.22711224627938,2.115039489658212,2.294405896926155,4.8112935980912725,0
4.440785272207819,206.68009607905756,1.8428198554688127,14.598844288893245,4.444967100691032,0
3.097367183341709,219.00948070945762,4.829792076152385,11.413458353085257,2.7874041708087134,1
1.0355672181838076,491.6642438079649,1.0354531404538756,14.519645832516474,1.965281639388762,0
8.714862574423005,346.53870217138996,4.991283422727912,6.652133248967837,7.233022523812314,0
8.222559586735738,221.219234535802,3.7072851954295825,4.247690376773583,7.140829384585192,0
9.99731789621824,385.6835808210051,4.313877197796469,11.994568638416881,8.612324972279328,1
9.9680499522021,443.88287082275644,2.1784775853847727,4.961183378813087,9.770057024304212,0
5.776601203224961,199.94320040344357,1.05726111066824,4.560812268209689,5.871118813831392,0
7.805380444214849,277.45200583894336,3.95147807424612,3.5643392838966848,6.818144971569516,0
9.475274433883067,117.03735133532115,4.336578388002703,2.032216775541107,7.654835620035117,0
8.57165021143541,149.63214224407417,3.9619045278140765,3.921299609149813,7.172911506747336,0
2.8498069665603776,424.61481968074054,1.5714011492033544,5.3942642522609265,3.475127108808824,0
4.780169285445888,149.79109123259482,4.013711689027876,10.142513701371383,4.1204404010847675,1
1.7270144439392023,338.8398610168831,4.075691128430564,1.0322161490698285,2.052755293581246,0
9.563484758957863,439.97544394733796,3.6341620626802196,3.23655340101361,8.70567297195128,0
6.25865902728336,108.78230770210911,4.064463731182345,12.154452240345979,5.20431901157607,1
2.672106652282896,362.02172079589695,4.383685758710929,2.2891366613981847,2.8104663000062264,0
6.881156501855639,191.10953103575008,3.4544164569498337,5.20541268318557,6.074856550784265,0
6.37221828435001,579.6097813806689,1.3544188558787162,12.983417935686287,7.099905217206409,0
3.9025458213119846,315.9501056959586,2.9505112386688435,2.408387136037296,3.958720767443845,0
1.5787971258964757,493.295902376337,1.3105973386864203,1.3327788507110296,2.461930565072865,0
6.879945358131597,352.62459818594397,2.6301721241297233,7.3196161266921616,6.680422529678814,0
5.442923158586036,73.87689307015054,2.6284259565025105,4.606050718050192,4.875360919262529,0
7.837024721488573,398.2332565767123,1.2640393765609663,8.494784630809427,8.138175842489833,0
5.441553260563937,573.2718382136613,2.3952821358779173,12.07669286820378,5.936394171168408,0
8.59572425302613,380.88650108048216,1.4439923951652593,2.1435124734758735,8.736889232571729,0
5.743114968357613,500.5538726847346,4.232940840036889,8.752416359858847,5.528709418797677,1
5.82891072958617,536.3135548416243,4.7907521038578835,7.632080529808972,5.505294522221182,1
8.828209225254279,175.44387457191286,1.2892659010317544,2.246773911596674,8.61000151833339,0
4.333087229017772,166.62466194952464,4.820460829166805,9.397577434381837,3.6219626900746658,1
1.773144670281087,386.0395438680454,3.0903063973469806,4.177242226125498,2.2712457421176104,0
0.7734354249767202,276.0656583936876,2.1982627118154956,7.368731346305786,1.2405560290279207,0
7.673803928899381,511.92371657669617,1.307448301104654,1.3258576317282222,8.195996266560288,0
6.392940737857915,545.0127178689061,3.0024970722816713,6.947802452482983,6.523226881161295,0
7.188757796942624,244.38175861649495,4.178062177962994,4.666305673838022,6.175767461278487,0
2.523159534334652,180.27880743596512,3.8283459090667926,12.35348004666178,2.4007407751469354,1
1.7955290180743129,479.289033384124,1.200904045855895,0.9489830322607874,2.6462941817297057,0
0.6381743238448783,201.14331955147486,1.291607341471614,6.337248396283116,0.9992474308569915,0
3.8305818086626715,502.4378751825231,2.6114931305305484,6.930628219558426,4.335280655064825,0
6.104218025119014,283.05603950681956,2.181161976191773,10.902590536856868,6.004615691593951,0
4.226318428447457,417.15244461030875,1.9295372922241913,8.656884868844143,4.652881366842889,0
4.656011759225426,102.5444226090675,2.1240179956348544,10.041463824193297,4.366627966219446,0
9.08950759769061,393.12262857211516,4.213930973187539,11.678034356211166,7.960624974988244,1
3.8084269367213532,298.472223305476,4.716912214527415,12.946824307507013,3.5071706065344963,1
5.382900147018202,372.63465474651076,2.6204107781102657,4.77674490116481,5.422898978374333,0
7.944703621040859,142.40781425967486,4.624444008529988,8.116538309922154,6.392527396566764,1
4.267156432052067,455.2805597193002,2.285982804991528,12.617610368744078,4.689985239996666,0
6.409823652164798,524.5383926487757,2.9057479453751665,14.842821851379341,6.5276338420875994,0
8.69245523309408,169.20689004992659,1.9041159912639989,13.353837734552071,8.203296862559888,0
9.5204459247476,102.64300553608895,3.561904168703376,5.634862213103214,8.0301861344561,0
1.8971980688258605,63.00122232548502,4.915924460699236,3.0079811065578914,1.5568763938102106,0
9.302582439034197,403.0843252437963,3.4139723841735146,7.391948807358172,8.520813112103777,0
5.175104784255613,383.90171984882943,2.4312563364541955,11.15045763235703,5.313807909026477,0
2.9533216888401044,350.6835769927385,3.5912697839621135,7.439279154224134,3.12438009565301,0
4.861789684263482,177.57090286378647,1.4916827138615503,7.29939486337366,4.854319108468744,0
9.810309465212033,264.9982977480331,4.5546363210615946,12.589633274118828,8.106186470152645,1
5.179871892932261,376.9619843523952,3.0123358031193455,5.484916308101076,5.15362018370448,0
3.623140297731328,323.22177237254317,2.7973989681585683,12.910940654693519,3.762815395958047,0
6.517308116008895,593.282036118188,3.3434591538140768,6.161391534180681,6.614354514310435,0
2.7813833783928343,125.04186390620322,3.49913545115761,4.990673274607257,2.5448452470754965,0
1.2207016170323073,432.3295047261766,1.2871032249060521,6.864449676875515,2.0068021770881446,0
1.7243573581511678,272.37532245736065,3.7304688848936096,11.46045968425554,1.9474749295148754,1
1.7164354700988382,285.50978820908813,1.9677267212621183,1.977430215173515,2.118581249525235,0
1.9430755883667963,444.6787711119969,3.855810530026359,3.0266463164930593,2.4578265648776974,0
1.8188581401693962,430.8398832284033,4.290139177536787,14.27652790238007,2.2903801783500817,1
6.588310075630539,595.1907965362036,4.215834030210081,2.714825247982225,6.389930577781987,0
2.2278608017918757,120.61685919976888,3.2100038696315565,8.559137037172713,2.1115224304537943,1
3.7838391915767007,107.26030716129148,3.0806795692430047,8.731785553262874,3.415520001359718,1
9.019489894107112,448.3863494208076,1.5715038453576469,7.3954044845486475,9.20755444036104,0
5.0026355824972875,368.112804353525,4.101384601612542,9.706704203794597,4.712974563927669,1
6.841798515949758,200.78836660789324,2.0856375217868575,3.524418214384515,6.529899664097021,0
2.1370387764154835,93.68065294394263,2.986781691271786,8.334667789873548,2.0052566677565875,0
2.3267456786823724,97.1120372780368,2.137096371710067,5.6453815031787675,2.272345765848237,0
0.8882518545315492,541.8049810652651,1.5353134519987726,9.958842168474916,1.9036745656108223,0
2.104883099185563,155.5270285953086,3.5182307875669463,2.2042307962599272,2.045663930186981,0
3.146608220803607,227.85435916353643,1.2173281392916153,8.606073510908196,3.4107942026051523,0
2.1815996006290947,174.6610212248434,3.9945809365048,2.860528295211523,2.0951928342908084,0
1.3426740706920284,245.24796820756552,2.2703471810444666,4.251781640414042,1.6807531925343022,0
1.6460407754557078,88.18311351035135,1.0005387720179413,3.35877602482139,1.740060621668115,0
4.877398296310895,335.48288499954873,3.044516556948919,2.824282920045375,4.805898072912344,0
2.460170324855029,87.1869099757182,1.1874076341104125,12.403093178253938,2.4884828935592274,0
3.9605636799567168,490.19607930229887,2.104678231283598,4.357042758147266,4.524170230520446,0
5.28246407312114,178.54164505073817,3.8279059498228647,13.914144349780296,4.62850858046132,1
7.058750871978971,347.00655303248084,1.2507584864874635,14.551905227643344,7.311324350187508,0
0.8734653284904399,534.0434981588021,4.357353969424009,8.61178100206275,1.7512524439954409,1
8.094398789635905,407.9825529759568,1.0152796906343324,2.2307167277193236,8.499459960637196,0
6.465053700163624,343.1267826032344,1.987295476807609,5.68076882635576,6.50890866658742,0
1.2767108035142831,228.38356421345657,3.9636162246082858,11.986210723888389,1.4804583491941017,1
8.798996929014384,233.15105218200887,2.265080598917227,5.574121857586349,8.268777171686265,0
9.248287805052225,418.21782535900456,1.4075695522640541,1.3965565527115524,9.43384303952191,0
1.0802406186212057,596.7766486716422,2.4409356752017115,8.39609517283,2.1419540227747667,0
3.130337657398435,414.01155441715827,2.081573145538102,12.692300687290919,3.63255942602739,0
8.158912158034083,356.78087955351367,4.37084760864222,11.959303168438186,7.08940583238785,1
7.608467058644754,451.85778063158534,2.2533916703405725,2.7093347879422636,7.654939805207389,0
2.2529496838855847,305.863086756045,4.1557298871040285,10.124192754745755,2.3965433406244294,1
2.488818571698748,83.07828843043187,4.567488579242939,3.385513525191142,2.0865926284575242,0
4.019484976518129,359.2632487328504,2.735269678306118,3.3512922648273666,4.188292705049979,0
5.102968359314703,576.6939064779591,4.6397725754175685,13.123669422247259,5.072525539932024,1
6.373420329537812,146.41661829671278,2.5092722158527714,3.8200673958294296,5.866621238488215,0
4.004679575912838,429.50268995136616,4.856313665960433,4.022385463118367,3.8912859482006628,0
4.894079803264905,160.51352876248106,1.3571580981022917,0.10973552234336337,4.8830048589018755,0
7.600973912270687,344.7052264601947,3.748077066012971,13.072968608470212,6.8659325651938445,1
0.84849042746068,103.1720473056958,2.9752561618277147,11.909662716816108,0.9286107034443606,0
2.898150971268197,297.70401494200183,2.5505952218225882,9.447201132851102,3.123958500180343,0
7.276821065903248,465.88983089238536,3.5308475149944036,11.27895988268875,6.923933448807849,1
9.004464958028393,241.16433833144015,3.8154283665373248,2.365523654624928,7.768999083373631,0
5.360935700098828,415.7014484679699,1.0174530786012363,6.929021559354874,5.919613570422326,0
5.5550781100204984,487.497478434351,1.6678123549887949,5.333168871496835,6.066831671648201,0
1.5181341077278725,559.9478007136989,3.852184202537275,1.4972702412295458,2.345623097799154,0
4.750417484822819,179.05314502049944,3.665541654312826,7.343344229702368,4.237881116564117,0
5.55986403132272,269.6237536951195,4.864190020514709,13.819020790105267,4.746899781884026,1
2.803469784529932,133.8288073317296,4.044151161003132,0.6968808738553478,2.5042446199961947,0
3.057810694019119,595.8659261871064,4.803090830925353,4.442767611057529,3.515195421035896,0
4.084199549493915,559.8505323583624,3.810162006139228,3.192359949464982,4.4258275167620065,0
0.6906763788884005,346.9764216543078,2.1922088345577726,3.6483851396188753,1.30892387921604,0
3.559752073040194,513.1183119070317,1.421459689003426,13.635674823002692,4.332986493120607,0
2.508756066467174,336.52688749962323,4.127295453379743,7.074228908090923,2.6640909661279797,0
3.611224845690189,392.97212840151786,3.5765968859036636,7.0478612528033,3.7513743256235514,0
1.6377402522828866,99.01843766380914,1.192744049573185,11.432577072583706,1.7381068805776598,0
8.960009167029002,465.3987312732444,2.4402018636039133,2.4019338396733945,8.797595076210873,0
6.139128308763462,120.24241599937915,4.827199261937144,7.360253776090756,4.897873358712199,0
6.951472031872651,504.3371966388906,3.001604582840805,6.50677969040379,6.916867909732501,0
7.997126766769714,480.11544821871223,2.7309165440788186,8.993969289145177,7.865383373583791,0
5.235200889826044,439.809583758637,2.830798420637176,14.993409778431534,5.3738301368114225,0
1.325742736830525,69.88820928861917,1.835530896020655,11.564788521822502,1.3438470677263927,0
5.602512147276204,216.72059576993072,2.474828683459181,6.028198974959665,5.342690450740683,0
6.074990621198352,194.71191345096358,2.4792530239487065,12.4305404788833,5.711342504696977,0
7.581675004751135,248.0750241093355,1.2094200807498896,2.643554613355955,7.619353553146529,0
4.600765689181954,98.2035107201112,4.070270514071673,0.5539089260035058,3.860854664280679,0
1.7120128765578557,565.3268026670845,2.666017727615516,3.146280749717669,2.614453647951561,0
3.1958711050878823,354.59123239180695,4.288719547265693,5.172132186102469,3.2197438259248954,0
3.9492818157870335,218.03837086191294,4.401392004479582,7.707653286147442,3.516241687138777,1
6.636213792650212,268.3398343908559,1.8479762187946323,9.265424194063877,6.559715197849198,0
5.922393894354663,295.9613972776596,3.6294139286805143,13.668025186494884,5.43957574434482,1
3.8829188960295395,380.3268833483395,2.889127216651927,7.6968247423018195,4.082660329597669,0
9.871894863533306,333.6236852330738,4.520626951685941,7.569007104923368,8.30778453478452,1
6.254860783890428,555.6655852679296,1.8629627167058165,0.8486208463624337,6.783563332497628,0
2.7536545214919474,323.32991559820664,3.711252801240177,0.6201821345777347,2.889338949861627,0
1.4669334898938355,595.686908152822,3.4310084890108903,8.312283432553944,2.4066542433674734,1
1.9521618222511543,518.2837267598027,2.181205910287331,6.628861337400333,2.7758259305441846,0
2.836598419652827,164.6807828965347,1.5464036146046904,12.603787885206449,2.9466336829792423,0
2.026473045965779,561.827368054154,3.6065590419091063,2.4941258122064935,2.7846980477184387,0
2.2723867284874046,114.00151883701184,3.9543898325293227,0.472077765544039,2.05109461742617,0
3.2084041025915475,499.59733967015535,2.2625093750534,6.790677642158875,3.8446465638781997,0
2.147049155300171,259.34281141211903,3.579330416089255,3.638430495608637,2.2814848608041767,0
9.01927153395104,532.8858762447883,2.580523630446013,0.8392541627486779,8.921321120302132,0
1.2622205837856009,527.4311795590977,3.852827533130471,10.89651447402967,2.073927031999137,1
5.48285820091742,493.25897006469165,1.7968610995762124,1.7627356993629875,5.9767794102607565,0
4.398769856401785,484.51673996888377,4.5608600105446975,9.163960550115798,4.364694659656935,1
9.83259686063176,217.57352650392244,2.149638385862319,4.287641277486649,9.210917531423435,0
1.5643695705964973,94.5056056781887,2.4711439510246116,2.6850911502898285,1.5600916618755494,0
4.279628190934545,271.6390983208388,1.2323678083213991,5.75829769149783,4.559202586871599,0
9.709969116116005,145.43848324257976,1.4460488492851056,12.041542065722009,9.29879159925349,0
8.722317695992812,432.2230988963539,3.0634476108493125,5.942194295878133,8.250745728442627,0
8.262184674018158,240.35484959578204,2.070370706911886,11.28646777324473,7.887605117000546,0
2.9500768569269282,586.5856104729532,4.341920902968777,1.9697458223073454,3.4827980593500616,0
2.1234320802056255,402.53464253993263,1.0587735546198154,11.614294153009679,2.8160896787078373,0
6.852110589282095,502.36430999889853,2.5163761946877448,3.630306541109065,6.994714810768028,0
9.329071896712065,122.88857000801663,2.3493821870763707,10.193157635344205,8.478971269923594,0
5.789247483632333,524.1079652499425,1.0773105236704041,8.530145167130845,6.525622552219742,0
5.930320549964049,557.516454782367,1.4974735960020409,13.944256286454142,6.6013285375588096,0
3.1598013897726998,317.88405535041477,2.654570699674541,5.871105517832179,3.376173691169454,0
7.810182865323401,383.4391157630376,2.9714583377897865,1.0858613136331627,7.416679447108068,0
2.276915611296472,470.6453904966475,2.6171589890194764,0.38541673471366833,2.9202538843226,0
3.574952745840315,146.1612449932269,3.1237507136483753,12.420192558494021,3.3089121762728735,1
4.541646166855959,326.41134205489334,3.380526699622726,7.918561001155339,4.426811044600957,1
5.322298597502323,269.2646652747722,1.0396952845113425,11.651136372340744,5.584149490322643,0
2.8028924579432624,130.50569568923703,2.8563806378140155,3.592941440171569,2.663597461984533,0
1.5909498350224336,252.1439322603423,4.853996963550353,5.241747808147182,1.7091144161251268,0
6.30089040319551,87.49477016202147,3.076129120518195,0.5485476959486522,5.506762320796386,0
3.24199025578243,64.19654882221784,3.7101690698358127,14.42623563615427,2.768966754841212,1
6.021763103514816,124.34145903515252,2.247455431667533,10.05123180984212,5.593763811824645,0
1.966445795104922,579.7133113740456,4.09596551261105,14.004755807613662,2.723147709894574,1
5.070830967620766,352.2412447422593,4.091685927504461,4.0558964706931775,4.737901071556898,0
5.559599609240066,581.202188634271,3.085184190616556,9.210807807262347,5.864384545479337,1
0.9923235998130556,287.87383308157257,4.904055293116855,10.209649527560304,1.3247507758688013,1
3.6977406428422457,221.49887319689276,1.5022008590506135,4.831490533838068,3.863000930724832,0
1.7769394309202553,328.37802456213427,1.067790659558324,12.736827601732887,2.338825513697647,0
1.1020622194912937,291.7314287481006,4.080632847028384,14.212705797213692,1.4606695123712359,1
9.90462220770448,108.11557634395916,4.228622149459531,13.284341253670464,8.026708117916002,1
3.5623615272598683,402.4544730796134,1.480828916482305,11.11209794149665,4.103508075392571,0
8.193807235619031,168.82100038027977,2.0623313318344243,4.2342237279018144,7.686531966928154,0
2.919086220255757,390.77337519380626,1.0702094534665156,4.296079027373913,3.5444312872232917,0
6.974275861127328,407.6106008189844,2.1732344431222588,14.454068774645965,7.031660236903394,0
7.722164668952022,133.61366922075646,4.092567495674686,0.2532389894418112,6.409218001373509,0
6.158568035774521,83.74229491086749,3.0718421108503158,10.769144601307953,5.380145193854812,1
4.979973791226504,479.4188723376419,2.3923823726731523,10.623067822073406,5.3431114601765595,0
4.412488684399051,302.89023307312607,2.486957179625321,9.378074160151982,4.469585629861218,0
3.814248532158455,81.99008752801168,1.0054145028618726,14.8526218066943,3.7864836676268925,0
9.330526870354346,597.176474443372,2.1992021102609436,4.747003592879506,9.498894100084604,0
8.390884373983427,81.77930854800165,3.585834966551722,5.165580770519398,7.05002666165332,0
9.66775565133187,432.26937587220425,4.896777775265429,1.2761971039036777,8.165251852569346,0
1.680823623112675,591.0234088948774,4.388243307935598,6.697692234501688,2.494077290105217,0
7.44324101443462,181.54905731875908,1.0943798585821165,3.989623040899237,7.39905247663366,0
9.41423433979986,128.2371527779579,4.594242418699357,5.216461862446899,7.508144908181543,0
2.2217141285737716,116.76171668233589,4.132793653194504,12.535119674808852,1.9961432594493314,1
1.1317145399843862,216.80133116217755,4.121504494283922,14.038719251559687,1.3320988741691357,1
7.540646168255561,105.57519605585568,2.831983036014286,2.867422772877266,6.684047458912978,0
5.957494575209163,430.68873793177255,2.5920211718180113,5.650383080146641,6.046774447576053,0
8.497373379203584,84.26048897153447,2.2116629153327705,13.936595375519373,7.726228078120629,0
1.8278375779497502,330.1821704823843,1.262779435817463,1.0209460642694173,2.372794133642052,0
8.055039462668958,598.1832696191373,1.9129414539747964,1.47617186885954,8.480965056830117,0
2.415459540453573,497.68364822831035,1.9864145399120985,2.5255857391728176,3.1709216393238746,0
2.054731457224193,388.370691027056,2.9363082788408064,8.968671228490434,2.5298065898462037,0
2.060525080344433,218.43949143263643,3.989777626386776,2.3420368379893626,2.0863522200013542,0
8.238459842198129,393.14270996040113,2.8952393135917864,14.524338083615929,7.832129621189971,0
6.819373596613901,339.8728051514084,1.2313777977886424,6.756046456151953,7.079257944831896,0
5.469121535306634,284.3458611397043,4.831159203952815,7.572617609217479,4.716703415444384,1
3.9088895991732735,121.89070720710971,4.770897276376449,3.775213375500557,3.220225476469893,0
8.83340513772453,537.6323183822567,4.1407581725936335,7.117307761277529,8.079820048695872,0
4.228228520515036,297.3815568517274,4.965311606256883,9.962513126291471,3.773268026877507,1
8.257694674979982,157.04238150142078,3.1779293312010517,11.292539340615237,7.259660932196742,1
4.671781631417075,252.2676429825093,4.851073401012824,11.332634432377704,4.04315913700671,1
4.080972079536622,277.77136389090987,1.302420162467003,8.710577579141916,4.370757791375772,0
4.895457963861261,505.14584256178085,2.4627229930454853,13.574960647408473,5.302941804530385,0
3.36308980455935,453.4879093087711,1.9015250720270633,12.27937692486103,3.950315644034482,0
7.602289111674386,473.1176915027369,1.7833323365370801,11.38001690900952,7.870654094452226,0
5.275843705878552,56.06719543575597,1.5632117955707043,0.9285222730388633,4.975615041119224,0
2.7060206038947645,278.8846989988688,3.4896545662639866,0.20248163707277478,2.7916361440532125,0
9.0459584461084,314.739283399428,4.125287422989221,3.265464430212547,7.809578082576552,0
4.146966603045509,60.555752252681174,3.3131935976814426,9.98650154931044,3.5810929476004136,1
5.663752180582891,192.8972648097688,1.5878508383528387,6.226842584349932,5.599887027794365,0
9.111485054163197,468.15940271717426,4.244495079733884,6.095853263559745,8.11412118552432,0
6.430260961182925,125.41033815094949,3.543818828654914,13.280344634621244,5.541697644114589,1
1.6105313867294586,344.42057229892544,2.552662824507982,13.443886437164396,2.0938153513969304,0
9.428405174328013,168.36102960948062,3.696521182144252,13.646711434398428,8.022512261509876,1
6.463226504178469,56.6664260541413,2.0396199169713314,4.776783340073907,5.917433080995782,0
3.681603339242318,182.6608016797478,2.380768833976842,10.396731609815,3.6086726181451545,0
1.823084690302179,586.7305652005296,4.66994337252796,4.1473344009881075,2.5708607073515455,0
8.043239298067812,490.8454115356443,2.1620180226856816,2.940086512809302,8.155448704979284,0
6.390691181320879,577.7671543765683,2.8799530726317464,2.8510236144758014,6.625980954879731,0
5.567880373775054,318.31972415949934,4.5605645495840585,5.197403550867551,4.934885929645885,0
8.991979538984097,110.35490927262693,3.83088540107011,6.506368534719344,7.4903272003985855,0
7.991673506633042,351.3777189355311,1.248812904658811,12.48114264872052,8.19542369425894,0
1.940911357461136,299.9075340079785,1.5892121771158814,1.8863772927434104,2.386500427278105,0
3.4613596440577084,514.3963955067888,1.0313663630876673,11.050395126183924,4.311655939699775,0
2.8606468282374244,103.94541943133453,3.5236871609166536,8.01867822142065,2.5645364420712355,1
7.567489779440431,318.532625361978,2.7906937016416733,4.390385605872288,7.1486277269282805,0
0.8185581299899041,132.52676558169134,1.5370994036091021,7.443011809539087,1.0207014004819437,0
5.913952006277507,228.571759789533,4.831736484227082,4.569136839677637,4.942362642121624,0
7.7433575145365605,455.5463925632898,3.1186388957824795,8.981621133050758,7.447013503223977,1
8.82927354923662,311.8099711528216,1.9675731764515567,6.564274450543138,8.584281401390703,0
3.7497766128011207,256.73855683017314,3.00241428461883,2.5496423832752932,3.700334583141282,0
8.301944394384122,266.96195321351945,3.718481330940431,1.8370878108798812,7.2923370387600155,0
1.5510015010744687,302.6957226232927,1.304956871894258,8.245765662874739,2.055193442963782,0
8.541296771477922,481.75909911038127,2.098815260191568,13.545954195962942,8.608484769408543,0
1.7111422921538328,540.6465789171289,4.227861963535974,5.224969529709514,2.430711779428343,0
4.274229260323489,575.4340775771606,2.838659481610645,11.021701597617085,4.818443344658064,0
8.074305974905759,482.7968624404123,3.1863085681291796,9.914054188602528,7.753538184309641,1
1.924215559813351,223.473792661407,2.731264008837877,13.980168223211267,2.1083861099479635,0
2.677888254710094,428.4740883475982,1.1755997705720205,12.332617157757198,3.377430190512556,0
7.36139939973413,290.68171823046555,1.6629991192806237,8.542418357691398,7.330662800273522,0
7.340347097187706,190.06884212532816,2.7821665549675636,9.8897544236882,6.699381371655918,0
6.590902512410325,512.4793686842575,1.8367418616317113,13.48595835210212,7.010571922254956,0
7.0925102224374506,71.13449192927875,1.199916114638715,6.052829890345328,6.809258340838882,0
5.655882211802163,545.969095674483,4.374598656207295,4.969241117280882,5.510709666980305,0
2.8920910596160514,303.8126055436038,4.924770116656463,0.26108514616442546,2.7875720894509364,0
3.784111938287235,400.46081224455423,4.172571495986958,12.415611005452817,3.7955596822102797,1
2.225178309613544,412.6446572131805,4.415139686818668,12.034612436010137,2.559243970788763,1
9.13028033266947,542.314757388595,1.9679085212681815,1.6563723196922557,9.316532024035283,0
6.042222050278144,400.168325191964,4.842507902052799,8.695174978877233,5.3795832994405925,1
4.308088459254579,387.66347161803395,1.7877028178137135,7.013327302686622,4.6983363085906396,0
4.889055134619261,86.65862230837948,4.8057192414473295,1.868765523085761,3.887601062589187,0
9.499191726312246,335.1244120698622,4.979277175863804,14.71046658320478,7.8044851228529275,1
1.9568383296027618,132.5929504493729,3.846891222984195,3.298968723203996,1.8456370207541117,0
6.069183404159574,455.58857279681706,4.924574927167288,1.1017892833493612,5.485953128728006,0
5.305942449402427,331.72205644697095,3.2781591182684147,8.963225954578453,5.099700381220568,1
6.3088152366291546,424.12527856459434,2.0381671327043613,11.109113489282187,6.514144800678242,0
0.6720467462979849,72.92009533131134,2.7479835426624835,0.5834073461030858,0.7255482670242709,0
8.78517713496944,96.63560882519178,3.374243741515144,9.91489281703263,7.496281904331194,1
9.355123683594318,443.97786343447524,1.29232624810806,8.031148951676672,9.638585815932954,0
5.868765244097485,89.64638479927035,3.4893730584689844,1.6386486322382214,5.02414244723438,0
7.118182826830476,89.19120027089224,4.924711347049178,2.670605766500795,5.543815440489129,0
9.26374412118431,56.659661379188094,1.7604305991349105,8.5628170300096,8.561654513268238,0
7.218767025977287,576.0757690647141,4.170380465153533,4.515728441347997,6.865668314725207,0
1.9491209076854827,455.6295977024538,4.631595175118477,14.08090435690461,2.409003153502459,1
5.974739421584725,244.28827467613527,4.774806371280883,12.299229419312356,5.036904778090705,1
6.263792940637131,213.09456970821037,4.840542417621789,14.75515137705358,5.173974308835854,1
4.529241377372667,242.33677636021724,3.0858385548858878,3.9690955003611688,4.315089546759049,0
7.496220238434867,476.05944214965,4.909231631966015,14.548882128689858,6.608305046998753,1
9.376486640305641,413.7538360887279,4.0292408285377554,6.525384659894212,8.314988172515182,0
9.292900872614375,151.85756232710736,1.6466857449478476,5.2780300501749435,8.831491627461213,0
4.782974028339255,145.76013443374637,2.90760042587188,0.8502079518433633,4.3791454311200795,0
1.575761435487175,104.11760734236853,3.873324701488016,0.886202342108079,1.4788248655856775,0
9.855991390142178,413.166495835736,1.9893612632763333,10.410967713605155,9.701968007676955,0
8.469531821236373,470.40496422195474,3.5624607341955494,6.923142017067016,7.901723022171568,0
1.684295471431035,195.77553557875223,3.666401916186477,3.4751722279379753,1.767081335394592,0
9.247997884865036,61.51972856700205,1.6507989752342636,9.248157564245966,8.607708070433848,0
8.764015439590219,95.19441711203504,3.260341249811025,3.8675859619266566,7.525720221230454,0
5.428961542697685,582.3230191647667,4.08650764391443,8.706713139731896,5.484332938889641,1
6.117116639576828,212.49462761258116,2.9955826581437677,5.452210330042086,5.625889468634039,0
4.290525686766237,473.0727313109735,1.0484124671044297,12.370928176516104,5.011759118366308,0
1.0202355688092977,393.5649628698451,1.0361538763171687,12.328372795425011,1.7545094425800676,0
3.6843737956360587,260.06680180909274,2.4281173758800487,7.2125209320237795,3.757202797633192,0
8.12710776168111,163.1279942075553,4.704776273727128,5.327204729091732,6.541552561537177,0
0.5440042185437272,116.76252998767353,1.914707118414435,5.502140968730508,0.7254488410344164,0
3.6682421310658695,388.25713242137664,3.5374547554867486,12.105146432456447,3.7959443673678326,1
4.282602589113962,476.04857935078337,1.8883034827732823,4.9898742936844185,4.83035707859764,0
5.605258227910268,404.14733944762185,2.2866799586381945,3.214984668232006,5.772681324167799,0
9.238628355921225,341.66617328703705,4.392168358405936,1.3618562939420717,7.893080145497846,0
3.790286946476632,73.07317288739995,3.9154457690797875,7.0537275011776845,3.194400142842418,0
3.7960554180141632,582.6688276769111,1.3815971092528425,7.283768273905644,4.699162113763387,0
7.50626185704261,489.292805410016,2.7148080839457345,12.629539785003317,7.465944449377002,0
4.796070438453168,211.0521201855306,1.1166790545810579,3.3964565770463535,4.950391108678427,0
2.6337458179298285,588.9836811473679,2.923560586412036,5.776769977659159,3.4267174068282054,0
4.798175403260587,381.03487429997716,3.6497360468042723,12.145245509515995,4.684641465452052,1
1.8381416936080988,370.33246201398555,1.4740104943926062,12.371991800159705,2.4433346103081233,0
2.1756763718091214,461.4402486862427,2.1555397556366627,5.830705032083646,2.864069023439912,0
5.234493841025057,496.47338344957564,2.5913465020086277,6.940947946971545,5.549221242687909,0
4.479791770293206,411.0632340323265,4.678124098624199,4.618959773654315,4.254067146486508,0
9.191036060146951,120.45266050141001,4.973020061691856,13.99506768844775,7.146581045407569,1
3.942742041608015,236.0471282969741,1.1796451959824634,1.8677921095495467,4.182284462782913,0
6.015589327641413,560.4460021793274,4.044031693981568,14.012866402721903,5.92011963705211,1
6.506510735235539,173.53858651411855,2.486896265609373,10.289610132346613,6.044537045783548,0
0.6243973375891696,254.69186311063234,2.56983274491792,8.020425075032295,1.0535512276116235,0
6.803605034158751,287.6422856193078,4.01705989338809,0.5866200056889885,6.012365159738745,0
2.1913416852626386,291.6727443319487,4.673705728581634,7.186383258147924,2.26260286454195,0
9.630168015959823,387.11677037198905,4.803714378010193,6.175446764540711,8.091372728657795,0
1.9122959136545732,568.6917107595892,3.308490344153283,2.502160298429326,2.733338706899255,0
4.4389291754067255,182.38099150787772,2.4284846372020112,9.880503092159788,4.264697593017329,0
1.3108218467471167,116.82575696550494,4.150196343435117,14.570148519787459,1.2724649589148889,1
9.970305392536499,158.6087694229655,2.004005533049201,8.476613284861424,9.288495572740757,0
5.270852598146805,537.8086951150982,3.256296115334071,10.749823819014793,5.488297146384804,1
6.156157664540416,405.1959469603633,2.4343138460994926,1.1199117432336503,6.21724856638303,0
1.137226535190061,207.24873408153806,3.6265242948315044,6.3232382376732215,1.3455150204234465,0
7.624624468792189,498.7708164327395,1.9615956515740276,1.8337414289509886,7.874344591514284,0
2.4941031344080646,523.7534979998898,1.766371782939303,9.230657949494004,3.3213344603899007,0
9.03151574968678,515.5828862796529,4.672956346701748,14.083384157390903,7.952487580104305,1
2.448826584579068,555.4095935017549,1.4072147317981476,9.960488213827414,3.3873445293106474,0
2.3115333463048326,188.73256109534887,3.0238316309397266,1.2443654198848808,2.339514086069105,0
0.8472218445569013,465.27306081045305,1.8834111318520357,5.384526454277734,1.6979846135184733,0
4.9846359785449925,303.29672350077703,1.1557198533026698,8.304884353668688,5.303187287451985,0
5.865990765994856,513.0992040895338,1.1440752731657056,6.107795566385458,6.5566324247742696,0
1.1242320745693475,450.66987243888724,1.7008870884233094,12.521295756080068,1.9299622284458042,0
7.867512358602601,477.04609557484855,4.4670814180240015,12.238597970178839,7.064363636592905,1
4.8062439301062625,410.88901072458935,2.1299149759081066,9.216282199538,5.116177405325403,0
5.48170755861201,147.58582320833878,4.801836682301182,5.664523382477308,4.460765983199147,0
4.687246095913167,349.76480539331607,3.326489171956774,3.9045119690723378,4.607172037482209,0
4.307249078315596,591.5683567384796,2.7464567590750644,1.6775273413756269,4.89890212458457,0
5.81658314742807,565.5634365734154,3.3203553386778184,5.3879754839496545,5.982053875253589,0
1.974782336341769,73.74555468835642,3.066793540905071,6.256270506395021,1.8194609600291636,0
2.228317239705076,140.6481486511904,4.0351050150293,10.169761584050697,2.0600388335569466,1
8.686963399628414,122.45082540000905,2.129984263891409,9.906581382033844,8.006710283317975,0
9.48809689026951,449.28895049191254,2.4122015664012095,1.1446112806547286,9.242314682209608,0
4.046438504657653,499.78193142131977,4.576377210133003,5.98936379992425,4.120100919754295,0
3.072074394863761,167.43125147086954,4.785826052601622,2.8085051215386927,2.6718162140820327,0
6.617995660770649,328.21898112350596,4.570232909945898,2.436509309220405,5.762144544681004,0
4.382974625431916,512.38666540616,2.6777919758292543,12.426802031084964,4.820913242131995,0
0.7411703787732762,453.0408496214378,4.121462012027527,0.7245367290722372,1.4945167999884463,0
1.9834496749788084,348.23046302051654,2.905342933204395,6.345824850941607,2.3917805261915297,0
7.301736174050276,374.6912297523251,2.9901594085844088,2.6062344709211214,6.959450877563048,0
6.759777448146438,329.598300803954,1.8187204362291358,13.202020213609263,6.804266780289108,0
0.7574119287830932,213.65164822535132,3.364521213034066,8.399903647798023,1.0572988001640076,1
2.6087355383630197,360.76209607245886,1.7445435910133917,3.547571482015036,3.102707087302934,0
2.6952105675866784,428.88691612754985,2.326258796268775,7.586166578779008,3.2394965353095246,0
6.88298106418792,530.3276037234442,4.420120806479741,10.999146759576426,6.422455881013653,1
0.6872501086664595,399.96024468858644,1.8283032368434209,14.375958332899563,1.4243455181338383,0
1.4890315288534515,468.6168453737369,1.2846331406937312,3.384645463256742,2.3306222571257758,0
8.099202811045298,138.03939922501513,1.2760303704512652,13.304108404727243,7.858540171328427,0
2.1961742895161693,303.8566109308845,4.763138082012432,14.021131301095604,2.2808534417213853,1
6.70108802459281,55.132390904901314,3.0276817518473385,13.754666113527787,5.7969147099234934,1
2.762736419943902,185.67337548689267,2.6376482872680733,9.567673917242457,2.7697268216057793,0
1.444693231213779,449.5539433121527,4.243514324031674,9.484327751077144,2.037272296813721,1
2.8101358144948136,595.4954732421498,4.343303711642064,6.10783843443896,3.390863095313432,0
7.361535852628762,104.54795477296875,2.3287641324624184,11.31072844632644,6.7134677295028,0
8.629116447009714,270.82187372370856,3.774472229895181,8.016280873428887,7.542242174568635,1
8.38708871338642,490.0390327845377,4.084491263407546,10.193827261301587,7.654317250192952,1
4.273243531375321,162.21959904589437,3.618602747463818,6.484022767347052,3.824524190306274,0
6.846808797421138,355.29672211625746,1.6063802992003975,10.999297314242773,7.007473303425189,0
2.447350806450299,453.1892128163211,4.503532334068228,12.384625612307781,2.802643057600098,1
3.2849034374796258,388.79199764309845,3.156378210944035,2.2819002233819603,3.54406755101003,0
9.015190275950637,153.41360403847887,2.1298897054800148,12.510652762055997,8.361949435943055,0
0.6235182733519924,245.46151277715668,2.7009127417507757,8.150418323675577,1.0302378764457638,0
1.3123310431174469,481.0854814669685,1.1502843615956295,12.685522045444342,2.19902431224466,0
2.4749194238872594,354.8245827726091,1.5114672048896702,6.526395424481118,2.9975306122349763,0
0.7520559368012874,52.87628744860201,4.062187002063443,5.747703232207222,0.7050589191335496,0
2.2236366333530744,468.54491801545163,1.0000465390214646,13.734404914506614,3.049539463422674,0
6.038894829212076,69.42124521713149,2.6662633139291687,3.8424220864711796,5.372673132656104,0
4.50353323062873,460.1535805021777,3.0900407243423538,12.678763646763532,4.7280353373294925,1
8.980381255231261,161.36430809088057,1.2185376800038892,7.311906530390121,8.755963224398027,0
8.26571383651519,576.9404140656591,4.892312651889331,7.760022094013769,7.397671845682509,1
3.7472648411298217,252.36741321614647,1.9045013249986877,4.696177394193311,3.895166124809477,0
2.9645226175972788,229.8123889859435,2.2167948785451235,8.638328789223333,3.0955604677681245,0
4.1070778775890355,131.88842768284456,2.2157700490201093,4.945646824515548,3.9158377254469814,0
6.107801953890673,218.08231851961818,1.9216666484693996,0.6851142722006195,5.957108625417512,0
3.0466045878173245,532.1579190055104,1.0058952883452457,4.152779219630905,3.957692165811522,0
6.429414624566773,597.983885694986,3.9173791763519854,0.19504774675820113,6.366059647636205,0
4.389410695816784,252.5702417787666,4.867381999197141,14.677486327147165,3.8263042489792163,1
5.744448218093813,296.7358470249984,1.8971739331401802,14.489633426314237,5.793009041161753,0
4.6432020267855085,447.13901601150536,3.6521887672136897,5.987813932337345,4.689587544502026,0
3.297424715648218,537.407679255791,3.9675853078348604,10.952725729660726,3.7180993813849295,1
9.510306416140489,376.17438380273126,4.393701516362099,5.252510866315332,8.173382797662718,0
7.754255044517728,265.33913399780613,2.6905167880544365,10.099288040581044,7.241785643706803,0
1.8310751697812993,276.94201246674305,2.211723622561717,12.100907641385088,2.18246758433021,0
8.750445771030172,432.5899805732438,2.3011805360921245,14.206668045914387,8.608807957655445,0
5.13059638337038,51.77004498235328,3.8504853323940513,6.063162910160113,4.246372167305005,0
8.998246155493868,390.7741356029124,4.267117866022544,11.77113994604511,7.859965580050865,1
8.098624931499494,245.52115574274657,1.7264558710264106,4.06233391441857,7.890571314973579,0
4.539528292457717,486.80853220239635,2.483764032631061,14.85595132652536,4.949389501966631,0
0.7134584290411152,101.14485190272268,4.6077607869966,0.4839670215888321,0.7513758442221683,0
3.0524349141569878,373.5112468216148,4.226774078778957,9.092579216866701,3.1543597691842864,1
5.645525039278236,314.5350894373681,4.939433611049903,9.926639126604774,4.880310411601235,1
6.518043088348399,403.27903924787506,4.016993038728323,10.351878800404519,6.015454481242811,1
2.9499330116154217,85.66947696563258,2.572780804111689,1.8937749239574264,2.7417954142617096,0
1.8238827036918293,368.9910830854722,3.362551335978551,14.084093773749643,2.255219908764417,1
8.431837249593341,358.81652337773806,3.644057016989281,2.799630857846234,7.6131655115742065,0
9.851820716683745,358.36305192889404,1.3138232652684958,9.379025708273632,9.92136925739987,0
5.494056731875515,381.9182166280501,3.1779878364154603,3.4178735789339663,5.384890891807773,0
2.1309532155588835,422.05736547449925,3.8372833138904383,4.677524613616936,2.566214385670618,0
3.086919601934005,492.74394982442334,1.6692852160042415,8.242232271749053,3.8147600388577447,0
0.674711427200934,198.40139607051788,4.122526869702229,6.316181936612189,0.9324384199454202,0
9.185838662324741,503.77717559903414,3.3350911220564465,2.487361454549944,8.661612564954703,0
1.6186352874563408,324.0406252448995,4.808887142790379,2.6469523960706396,1.8775248168103595,0
5.976906517385409,92.38205352388215,1.1696891928275668,6.330357343625715,5.812114476436855,0
3.103524596528457,82.20301108418856,2.061304550221868,11.38351637630496,2.9480651500693544,0
5.7646910239000375,233.83107528283344,3.4062155171992963,13.47967323803205,5.2505641735923145,1
6.68849368934271,481.69333741130714,2.186239648823723,1.3535021676648045,6.920747859437911,0
8.382547135218417,439.2245141075037,3.857696656284969,5.957248222635076,7.644129960699262,0
2.4610020817257308,483.73823056982354,4.036021130087724,1.5936588994708618,2.9318457227136316,0
0.6044603722555646,334.49798104288516,1.4100638562658978,0.34722796142570844,1.2308399481682049,0
1.800413485653669,292.1094488755198,3.055417856827071,9.959608371394953,2.109581607717784,1
9.050177097556999,131.09888968845615,3.0355622223642236,9.076496685302159,7.938756091781415,1
8.801955736843896,230.50601448512134,2.4771230808621643,2.528984795841805,8.172791380190981,0
6.175424470617929,288.71065139563143,4.731699450278688,3.5838112130866553,5.291833144766171,0
6.204910174119707,98.73023632378948,4.310025279492885,0.45324552930332385,5.065204661395359,0
6.817848408189427,171.33657399116618,3.788837527638547,12.540713364846615,5.868935560836818,1
2.166027146922771,379.02391173505634,3.85730654293999,14.622889881123417,2.5063234360923414,1
9.186913486287118,454.6147128315544,2.8468645752524764,2.118347098240893,8.788447983949226,0
4.478319986474695,599.0911312661223,4.683978084386304,3.548980685102942,4.627684615431107,0
4.139816018370226,563.2123322389567,3.7783817090131415,13.039301906809317,4.484150426723656,1
5.429718200186956,403.4108597443553,3.9159242466232658,13.904310589547155,5.17342166205348,1
0.9461766843630229,281.68642931173963,4.446763615149381,6.352448003821474,1.2991783403100938,0
2.079692003182754,399.897550589528,2.096286357368764,0.8542748368092045,2.6615056056717643,0
7.511319356050519,482.10838994412757,4.228283615466812,0.6869383220230091,6.887536707752417,0
1.2865873452887016,115.08490500786303,1.7809624118259682,8.651853004428256,1.4021889702299208,0
6.229945039930688,275.44768933295853,2.3813678089795514,5.954137122508367,6.039050890106466,0
2.830816541972549,511.89125709958944,2.342441817079371,0.5269211709070523,3.5230479039519023,0
4.198308333398777,261.1081235631742,4.914101873556563,8.790460645457095,3.6889788381789725,1
3.242590499321649,364.5297491749526,4.426148894991707,0.26840779517643487,3.254040579897398,0
3.878890806417017,373.273148474209,3.804679446361039,11.831842176424168,3.8875402970727535,1
7.330936099250332,151.46193922350164,3.9082270464615605,4.665849058280236,6.201311840748756,0
3.3226562984201626,249.2294929087586,3.2482911776102843,0.6998442448375584,3.281467527218207,0
5.8808440828205235,233.9812088080627,4.788362668434076,8.866448092648984,4.940825787183687,1
5.022478820891447,64.40818969263563,2.985035011529446,6.025497775052514,4.401681444025413,0
6.8048760709451575,63.30547014024538,2.522070839479578,14.609626159021527,6.073368035985491,0
9.399882523585202,507.4333740216754,1.652141347726364,8.208560071305163,9.638252542579275,0
7.459434923497378,200.18894548504682,4.1448226090442315,4.2010637974514236,6.313911088387169,0
2.541933596612189,334.94332143134847,3.9377757283023658,10.670639083046224,2.7113420184900954,1
0.7962397830822043,214.29906547382518,2.5374201540965395,4.145230837886398,1.1238181703755425,0
2.9915084208483385,567.3735848134373,1.1007736558369174,13.57322504197272,3.9616069074310056,0
6.153240341652421,192.61321737617556,4.355989310872043,5.683357360559909,5.198294318631542,0
0.9885452281003784,286.3112470064143,1.0456719338162945,8.293041585365458,1.5094830220965774,0
5.215479348411745,530.0016377665311,3.814799118516204,0.85353924698101,5.280682322896777,0
6.170007064710448,513.0634617354947,4.881028438904228,6.4492064454882385,5.690334990626852,0
3.6753169627611277,152.35577981545254,2.750645312592814,12.502216740948825,3.474553853596445,0
7.823665935585308,491.45382038764075,1.939893619983811,12.104167199913794,8.047719594694257,0
1.5126834047708322,302.00278770584094,3.819484040173527,3.4423465269175413,1.827805474064637,0
1.2138089264901832,315.63287964694536,4.268512568062341,3.468578158057384,1.5860167528865938,0
7.417793183934232,123.41398482876907,3.1857212643113892,12.277849151977227,6.483070079575602,1
5.207167503958885,94.33083256641856,4.868141101024585,13.96293646052295,4.12836786179463,1
7.039822766063493,450.3666188355709,1.2066748866318444,1.5208777269677531,7.515817136827238,0
4.630859716735589,323.05363379541484,3.0191823932181125,6.805873727450757,4.577896478214863,0
2.8408193157715145,290.2678864383488,3.8738157892902003,5.1280687565670116,2.8711145526503983,0
8.281472017904896,451.2295257588182,4.450561884596716,13.073257986315847,7.341070883860444,1
8.094450850205302,471.0320944451104,1.7170224476311602,1.3445212287322799,8.341597348543042,0
7.099616473117054,137.39949221814447,4.200013927054726,3.2457765441147575,5.883491054361404,0
3.0853788036846455,385.6238322127027,3.210828302874181,11.311778230038765,3.361295388712114,1
6.107191335256328,124.44474525272705,2.586214727959853,0.8642783498201122,5.5663554168763465,0
3.9292520209302544,463.25629731597513,1.5268601143163743,7.43877717264291,4.555793706069434,0
1.3700296966030243,411.3253359469267,4.461183035635649,6.687394816727828,1.8870827064567544,0
9.214478966891306,576.1380415959019,1.6290928327188614,5.082577566932355,9.616192967973044,0
1.7997769937301333,87.92690899603164,2.239151436836397,5.979127498251964,1.7741321496474005,0
9.527254861297623,81.38009663318988,2.1601821278497475,7.996114745260471,8.660984770621765,0
4.737054843100579,205.20289108126008,4.485656136763417,2.5043736399869085,4.085020668906151,0
